{"name":"2e5d7a59-1ffe-4eef-9959-4f190e29c48a","id":"/providers/Microsoft.Flow/flows/2e5d7a59-1ffe-4eef-9959-4f190e29c48a","type":"Microsoft.Flow/flows","properties":{"apiId":"/providers/Microsoft.PowerApps/apis/shared_logicflows","displayName":"ExportToPdfGallerydata","definition":{"metadata":{"workflowEntityId":null,"processAdvisorMetadata":null,"flowChargedByPaygo":null,"flowclientsuspensionreason":"None","flowclientsuspensiontime":null,"flowclientsuspensionreasondetails":null,"creator":{"id":"b94a84e3-f24d-4c15-a051-4a39ace391a2","type":"User","tenantId":"fd0f42ac-7bf0-471b-a9f0-5d5901a847f2"},"provisioningMethod":"FromDefinition","failureAlertSubscription":true,"clientLastModifiedTime":"2024-02-14T05:45:43.7519812Z","connectionKeySavedTimeKey":"2024-02-14T05:45:43.7519812Z"},"$schema":"https://schema.management.azure.com/providers/Microsoft.Logic/schemas/2016-06-01/workflowdefinition.json#","contentVersion":"1.0.0.0","parameters":{"$connections":{"defaultValue":{},"type":"Object"},"$authentication":{"defaultValue":{},"type":"SecureObject"}},"triggers":{"manual":{"metadata":{"operationMetadataId":"430bee7b-f8c2-404c-9556-261d419bd871"},"type":"Request","kind":"PowerAppV2","inputs":{"schema":{"type":"object","properties":{"text":{"title":"PDF","type":"string","x-ms-dynamically-added":true,"description":"Please enter your input","x-ms-content-hint":"TEXT"}},"required":["text"]}}}},"actions":{"Compose_For_Pdf":{"runAfter":{},"metadata":{"operationMetadataId":"efd8adfe-83fd-438b-b64e-c66c73382147"},"type":"Compose","inputs":"@triggerBody()['text']"},"Create_HTML_table":{"runAfter":{"Compose_For_Pdf":["Succeeded"]},"metadata":{"operationMetadataId":"622a467e-f09a-478b-95f9-07e59292bf55"},"type":"Table","inputs":{"from":"@json(outputs('Compose_For_Pdf'))","format":"HTML"}},"Create_file":{"runAfter":{"Compose":["Succeeded"]},"metadata":{"operationMetadataId":"8e8e492d-9b5f-4670-aa94-e0e7e9347c76"},"type":"OpenApiConnection","inputs":{"host":{"apiId":"/providers/Microsoft.PowerApps/apis/shared_onedriveforbusiness","connectionName":"shared_onedriveforbusiness","operationId":"CreateFile"},"parameters":{"folderPath":"/PDF","name":"Report_@{formatDateTime(utcNow(), 'yyyyMMddhhmmss')\r\n}.html","body":"@outputs('Compose')"},"authentication":{"value":"@json(decodeBase64(triggerOutputs().headers['X-MS-APIM-Tokens']))['$ConnectionKey']","type":"Raw"}},"runtimeConfiguration":{"contentTransfer":{"transferMode":"Chunked"}}},"Convert_file":{"runAfter":{"Create_file":["Succeeded"]},"metadata":{"operationMetadataId":"0ff91fa3-a60b-4e60-82b8-f8fd46cf2c1a"},"type":"OpenApiConnection","inputs":{"host":{"apiId":"/providers/Microsoft.PowerApps/apis/shared_onedriveforbusiness","connectionName":"shared_onedriveforbusiness","operationId":"ConvertFile"},"parameters":{"id":"@outputs('Create_file')?['body/Id']","type":"PDF"},"authentication":{"value":"@json(decodeBase64(triggerOutputs().headers['X-MS-APIM-Tokens']))['$ConnectionKey']","type":"Raw"}}},"Create_file_For_PDF":{"runAfter":{"Convert_file":["Succeeded"]},"metadata":{"operationMetadataId":"93d7846b-c2f8-4634-bd3a-0bbe7edb539a"},"type":"OpenApiConnection","inputs":{"host":{"apiId":"/providers/Microsoft.PowerApps/apis/shared_sharepointonline","connectionName":"shared_sharepointonline","operationId":"CreateFile"},"parameters":{"dataset":"https://altrocks1.sharepoint.com/sites/KAMOAAFC","folderPath":"/CMSDownloadPDF","name":"Report_@{formatDateTime(utcNow(), 'yyyyMMddhhmmss')\r\n}.pdf","body":"@body('Convert_file')"},"authentication":{"value":"@json(decodeBase64(triggerOutputs().headers['X-MS-APIM-Tokens']))['$ConnectionKey']","type":"Raw"}},"runtimeConfiguration":{"contentTransfer":{"transferMode":"Chunked"}}},"Compose":{"runAfter":{"Create_HTML_table":["Succeeded"]},"metadata":{"operationMetadataId":"1af2698f-ff1f-4a76-83de-9b3d5dd5401f"},"type":"Compose","inputs":"<style>\n    table {\n        border: 1px solid rgba(239, 51, 64, 1); /* Change border color */\n        width: 100%;\n        text-align: center;\n        border-collapse: collapse;\n    }\n\n    table tr td {\n        background-color: rgba(239, 51, 64, 1); /* Change background color */\n        font-size: 13px;\n        border: 1px solid #AAAAAA;\n        padding: 3px 2px;\n    }\n\n    table tr th {\n        background-color: #1C6EA4;\n        border: 1px solid #AAAAAA;\n        padding: 3px 2px;\n        border-bottom: 2px solid #444444;\n        font-size: 15px;\n        font-weight: bold;\n        color: #FFFFFF;\n        border-left: 2px solid #D0E4F5;\n    }\n</style>\n@{replace(replace(replace(replace(body('Create_HTML_table'),'<thead>',''), '<tbody>', ''), '</tbody>', ''), '</thead>', '')\r\n}\n\n\n\n"},"Respond_to_a_PowerApp_or_flow":{"runAfter":{"Delete_file":["Succeeded"]},"metadata":{"operationMetadataId":"33141fc0-4fa8-421f-910e-97db2f3fc1ae"},"type":"Response","kind":"PowerApp","inputs":{"statusCode":200,"body":{"pdf":"@outputs('Create_sharing_link_for_a_file_or_folder')?['body/link/webUrl']"},"schema":{"type":"object","properties":{"pdf":{"title":"PDF","x-ms-dynamically-added":true,"type":"string"}}}}},"Create_sharing_link_for_a_file_or_folder":{"runAfter":{"Create_file_For_PDF":["Succeeded"]},"metadata":{"operationMetadataId":"f200f0ca-0dfd-4436-8cd1-b775103c551b"},"type":"OpenApiConnection","inputs":{"host":{"apiId":"/providers/Microsoft.PowerApps/apis/shared_sharepointonline","connectionName":"shared_sharepointonline","operationId":"CreateSharingLink"},"parameters":{"dataset":"https://altrocks1.sharepoint.com/sites/KAMOAAFC","table":"ec599405-a3d7-40f7-85e5-f973cfad4dc6","id":"@outputs('Create_file_For_PDF')?['body/ItemId']","permission/type":"edit","permission/scope":"organization"},"authentication":{"value":"@json(decodeBase64(triggerOutputs().headers['X-MS-APIM-Tokens']))['$ConnectionKey']","type":"Raw"}}},"Delete_file":{"runAfter":{"Create_sharing_link_for_a_file_or_folder":["Succeeded"]},"metadata":{"operationMetadataId":"86b22625-6000-4897-b00b-7b778a1f6961"},"type":"OpenApiConnection","inputs":{"host":{"apiId":"/providers/Microsoft.PowerApps/apis/shared_onedriveforbusiness","connectionName":"shared_onedriveforbusiness","operationId":"DeleteFile"},"parameters":{"id":"@outputs('Create_file')?['body/Id']"},"authentication":{"value":"@json(decodeBase64(triggerOutputs().headers['X-MS-APIM-Tokens']))['$ConnectionKey']","type":"Raw"}}}}},"connectionReferences":{"shared_onedriveforbusiness":{"connectionName":"shared-onedriveforbu-0e0d0970-1f50-456b-9b3a-6ea97216df41","source":"Invoker","id":"/providers/Microsoft.PowerApps/apis/shared_onedriveforbusiness","tier":"NotSpecified"},"shared_sharepointonline":{"connectionName":"2a33a87092974aa7bc14e5a23f07659c","source":"Invoker","id":"/providers/Microsoft.PowerApps/apis/shared_sharepointonline","tier":"NotSpecified"}},"flowFailureAlertSubscribed":false,"isManaged":false}}