{"name":"71bde337-7fde-4f5d-94e2-21ec9f78d382","id":"/providers/Microsoft.Flow/flows/71bde337-7fde-4f5d-94e2-21ec9f78d382","type":"Microsoft.Flow/flows","properties":{"apiId":"/providers/Microsoft.PowerApps/apis/shared_logicflows","displayName":"Contract Management System | Attachments Save | Dev","definition":{"metadata":{"workflowEntityId":null,"processAdvisorMetadata":null,"flowChargedByPaygo":null,"flowclientsuspensionreason":"None","flowclientsuspensiontime":null,"flowclientsuspensionreasondetails":null,"creator":{"id":"b94a84e3-f24d-4c15-a051-4a39ace391a2","type":"User","tenantId":"fd0f42ac-7bf0-471b-a9f0-5d5901a847f2"},"provisioningMethod":"FromDefinition","failureAlertSubscription":true,"clientLastModifiedTime":"2024-02-13T05:16:21.3629323Z","connectionKeySavedTimeKey":"2024-02-13T05:16:21.3629323Z"},"$schema":"https://schema.management.azure.com/providers/Microsoft.Logic/schemas/2016-06-01/workflowdefinition.json#","contentVersion":"1.0.0.0","parameters":{"$connections":{"defaultValue":{},"type":"Object"},"$authentication":{"defaultValue":{},"type":"SecureObject"}},"triggers":{"manual":{"metadata":{"operationMetadataId":"5a3fce4a-9bc8-4e9d-b28e-4ded20066b4b"},"type":"Request","kind":"PowerAppV2","inputs":{"schema":{"type":"object","properties":{"number":{"title":"ID","type":"number","x-ms-dynamically-added":true,"description":"Please enter a number","x-ms-content-hint":"NUMBER"},"text":{"title":"ListName","type":"string","x-ms-dynamically-added":true,"description":"Please enter a name","x-ms-content-hint":"TEXT"}},"required":["number","text"]}}}},"actions":{"Switch":{"runAfter":{"Initialize_variable_-_Tender_ID":["Succeeded"]},"cases":{"Case_-_Enquiry_Documents":{"case":"Suppliers Attachments","actions":{"Get_item_-_Suppliers_Attachments":{"runAfter":{},"metadata":{"operationMetadataId":"2d08c071-aaa9-4340-9506-8c8ea3d3fde4"},"type":"OpenApiConnection","inputs":{"host":{"apiId":"/providers/Microsoft.PowerApps/apis/shared_sharepointonline","connectionName":"shared_sharepointonline","operationId":"GetItem"},"parameters":{"dataset":"https://altrocks1.sharepoint.com/sites/KAMOAAFC","table":"50fecd9d-413e-4d72-9ef2-efb6a4dc6521","id":"@triggerBody()['number']"},"authentication":{"value":"@json(decodeBase64(triggerOutputs().headers['X-MS-APIM-Tokens']))['$ConnectionKey']","type":"Raw"}}},"Get_attachments_-_Suppliers_Attachments":{"runAfter":{"Get_item_-_Suppliers_Attachments":["Succeeded"]},"metadata":{"operationMetadataId":"2c03e6da-0f82-448a-8235-40ace0457421"},"type":"OpenApiConnection","inputs":{"host":{"apiId":"/providers/Microsoft.PowerApps/apis/shared_sharepointonline","connectionName":"shared_sharepointonline","operationId":"GetItemAttachments"},"parameters":{"dataset":"https://altrocks1.sharepoint.com/sites/KAMOAAFC","table":"50fecd9d-413e-4d72-9ef2-efb6a4dc6521","itemId":"@outputs('Get_item_-_Suppliers_Attachments')?['body/ID']"},"authentication":{"value":"@json(decodeBase64(triggerOutputs().headers['X-MS-APIM-Tokens']))['$ConnectionKey']","type":"Raw"}}},"Apply_to_each_4":{"foreach":"@body('Get_attachments_-_Suppliers_Attachments')","actions":{"Get_attachment_content_-_Suppliers_Attachments":{"runAfter":{},"metadata":{"operationMetadataId":"f16d82f4-1ff5-4dbc-8018-2ef36e40a268"},"type":"OpenApiConnection","inputs":{"host":{"apiId":"/providers/Microsoft.PowerApps/apis/shared_sharepointonline","connectionName":"shared_sharepointonline","operationId":"GetAttachmentContent"},"parameters":{"dataset":"https://altrocks1.sharepoint.com/sites/KAMOAAFC","table":"50fecd9d-413e-4d72-9ef2-efb6a4dc6521","itemId":"@outputs('Get_item_-_Suppliers_Attachments')?['body/ID']","attachmentId":"@items('Apply_to_each_4')?['Id']"},"authentication":{"value":"@json(decodeBase64(triggerOutputs().headers['X-MS-APIM-Tokens']))['$ConnectionKey']","type":"Raw"}}},"Create_file_-__Suppliers_Attachments":{"runAfter":{"Get_attachment_content_-_Suppliers_Attachments":["Succeeded"]},"metadata":{"operationMetadataId":"83b5f0f8-152e-4e48-8504-1fc99df3869a"},"type":"OpenApiConnection","inputs":{"host":{"apiId":"/providers/Microsoft.PowerApps/apis/shared_sharepointonline","connectionName":"shared_sharepointonline","operationId":"CreateFile"},"parameters":{"dataset":"https://altrocks1.sharepoint.com/sites/KAMOAAFC","folderPath":"/Contract Management System/@{variables('varTittle')}/Contract Initiation/Enquiry Documents","name":"@item()?['DisplayName']","body":"@body('Get_attachment_content_-_Suppliers_Attachments')"},"authentication":{"value":"@json(decodeBase64(triggerOutputs().headers['X-MS-APIM-Tokens']))['$ConnectionKey']","type":"Raw"}},"runtimeConfiguration":{"contentTransfer":{"transferMode":"Chunked"}}}},"runAfter":{"Set_variable_-_Suppliers_Attachments_Tittle":["Succeeded"]},"metadata":{"operationMetadataId":"3fcdf4bd-7e2a-4e25-a72b-8e2a00ded4d8"},"type":"Foreach"},"Set_variable_-_Suppliers_Attachments_Tittle":{"runAfter":{"Get_attachments_-_Suppliers_Attachments":["Succeeded"]},"metadata":{"operationMetadataId":"98ab7104-7cb3-4a06-a94e-576008c1e345"},"type":"SetVariable","inputs":{"name":"varTittle","value":"@outputs('Get_item_-_Suppliers_Attachments')?['body/Title']"}}}},"Case_-_Tender":{"case":"Tender","actions":{"Get_item_Tender_":{"runAfter":{},"metadata":{"operationMetadataId":"86246849-46f9-4c34-bc86-a72b9a461ec2"},"type":"OpenApiConnection","inputs":{"host":{"apiId":"/providers/Microsoft.PowerApps/apis/shared_sharepointonline","connectionName":"shared_sharepointonline","operationId":"GetItem"},"parameters":{"dataset":"https://altrocks1.sharepoint.com/sites/KAMOAAFC","table":"232456c2-1a19-4bb5-9846-a009c1afaf95","id":"@triggerBody()['number']"},"authentication":{"value":"@json(decodeBase64(triggerOutputs().headers['X-MS-APIM-Tokens']))['$ConnectionKey']","type":"Raw"}}},"Get_attachments_2":{"runAfter":{"Set_variable_5":["Succeeded"]},"metadata":{"operationMetadataId":"425f164a-8adc-402c-8109-9b0fc1725060"},"type":"OpenApiConnection","inputs":{"host":{"apiId":"/providers/Microsoft.PowerApps/apis/shared_sharepointonline","connectionName":"shared_sharepointonline","operationId":"GetItemAttachments"},"parameters":{"dataset":"https://altrocks1.sharepoint.com/sites/KAMOAAFC","table":"232456c2-1a19-4bb5-9846-a009c1afaf95","itemId":"@outputs('Get_item_Tender_')?['body/ID']"},"authentication":{"value":"@json(decodeBase64(triggerOutputs().headers['X-MS-APIM-Tokens']))['$ConnectionKey']","type":"Raw"}}},"Apply_to_each_3":{"foreach":"@body('Get_attachments_2')","actions":{"Get_attachment_content_2":{"runAfter":{},"metadata":{"operationMetadataId":"ce31a5e0-b642-4c35-a531-5c362f539f61"},"type":"OpenApiConnection","inputs":{"host":{"apiId":"/providers/Microsoft.PowerApps/apis/shared_sharepointonline","connectionName":"shared_sharepointonline","operationId":"GetAttachmentContent"},"parameters":{"dataset":"https://altrocks1.sharepoint.com/sites/KAMOAAFC","table":"232456c2-1a19-4bb5-9846-a009c1afaf95","itemId":"@outputs('Get_item_Tender_')?['body/ID']","attachmentId":"@item()?['Id']"},"authentication":{"value":"@json(decodeBase64(triggerOutputs().headers['X-MS-APIM-Tokens']))['$ConnectionKey']","type":"Raw"}}},"Create_file_2":{"runAfter":{"Get_attachment_content_2":["Succeeded"]},"metadata":{"operationMetadataId":"d654236d-7dee-4d8b-9204-7586a48948ef"},"type":"OpenApiConnection","inputs":{"host":{"apiId":"/providers/Microsoft.PowerApps/apis/shared_sharepointonline","connectionName":"shared_sharepointonline","operationId":"CreateFile"},"parameters":{"dataset":"https://altrocks1.sharepoint.com/sites/KAMOAAFC","folderPath":"/Contract Management System/1013-KCSA-CMS-00@{variables('varID')}/Tender Process/Tender Document","name":"@items('Apply_to_each_3')?['DisplayName']","body":"@body('Get_attachment_content_2')"},"authentication":{"value":"@json(decodeBase64(triggerOutputs().headers['X-MS-APIM-Tokens']))['$ConnectionKey']","type":"Raw"}},"runtimeConfiguration":{"contentTransfer":{"transferMode":"Chunked"}}}},"runAfter":{"Get_attachments_2":["Succeeded"]},"metadata":{"operationMetadataId":"b5c64dac-303f-4d2b-b2d0-91a8d167b92b"},"type":"Foreach"},"Set_variable_5":{"runAfter":{"Get_item_Tender_":["Succeeded"]},"metadata":{"operationMetadataId":"e03b5d62-1604-4e37-8ba8-07a20428be87"},"type":"SetVariable","inputs":{"name":"varID","value":"@{outputs('Get_item_Tender_')?['body/ContractID']}"}}}},"Case_-_Contract_Draft_Attachments":{"case":"Contract Draft Attachments","actions":{"Get_item-Contract_Draft_Attachments":{"runAfter":{},"metadata":{"operationMetadataId":"1d423635-4677-4fca-b30f-e32bb41e6c9b"},"type":"OpenApiConnection","inputs":{"host":{"apiId":"/providers/Microsoft.PowerApps/apis/shared_sharepointonline","connectionName":"shared_sharepointonline","operationId":"GetItem"},"parameters":{"dataset":"https://altrocks1.sharepoint.com/sites/KAMOAAFC","table":"589a0f18-1ae4-4219-b278-6156f2271cfc","id":"@triggerBody()['number']"},"authentication":{"value":"@json(decodeBase64(triggerOutputs().headers['X-MS-APIM-Tokens']))['$ConnectionKey']","type":"Raw"}}},"Set_variable-Tittle":{"runAfter":{"Get_item-Contract_Draft_Attachments":["Succeeded"]},"metadata":{"operationMetadataId":"fff61408-20ce-4d42-8fce-f374b47411f1"},"type":"SetVariable","inputs":{"name":"varTittle","value":"@outputs('Get_item-Contract_Draft_Attachments')?['body/Title']"}},"Get_attachments_Contract_Draft_Attachments":{"runAfter":{"Set_variable-Tittle":["Succeeded"]},"metadata":{"operationMetadataId":"dc79b090-c3c8-4cf2-8928-7005ecbeaf1d"},"type":"OpenApiConnection","inputs":{"host":{"apiId":"/providers/Microsoft.PowerApps/apis/shared_sharepointonline","connectionName":"shared_sharepointonline","operationId":"GetItemAttachments"},"parameters":{"dataset":"https://altrocks1.sharepoint.com/sites/KAMOAAFC","table":"589a0f18-1ae4-4219-b278-6156f2271cfc","itemId":"@outputs('Get_item-Contract_Draft_Attachments')?['body/ID']"},"authentication":{"value":"@json(decodeBase64(triggerOutputs().headers['X-MS-APIM-Tokens']))['$ConnectionKey']","type":"Raw"}}},"Apply_to_each_2":{"foreach":"@body('Get_attachments_Contract_Draft_Attachments')","actions":{"Get_attachment_content_Contract_Draft_Attachments":{"runAfter":{},"metadata":{"operationMetadataId":"2a6598f0-dadf-4aa8-a7b6-6bebe9b0fd39"},"type":"OpenApiConnection","inputs":{"host":{"apiId":"/providers/Microsoft.PowerApps/apis/shared_sharepointonline","connectionName":"shared_sharepointonline","operationId":"GetAttachmentContent"},"parameters":{"dataset":"https://altrocks1.sharepoint.com/sites/KAMOAAFC","table":"589a0f18-1ae4-4219-b278-6156f2271cfc","itemId":"@outputs('Get_item-Contract_Draft_Attachments')?['body/ID']","attachmentId":"@item()?['Id']"},"authentication":{"value":"@json(decodeBase64(triggerOutputs().headers['X-MS-APIM-Tokens']))['$ConnectionKey']","type":"Raw"}}},"Create_file":{"runAfter":{"Get_attachment_content_Contract_Draft_Attachments":["Succeeded"]},"metadata":{"operationMetadataId":"0fa66ded-b4f4-4ef4-86b7-a266f8923381"},"type":"OpenApiConnection","inputs":{"host":{"apiId":"/providers/Microsoft.PowerApps/apis/shared_sharepointonline","connectionName":"shared_sharepointonline","operationId":"CreateFile"},"parameters":{"dataset":"https://altrocks1.sharepoint.com/sites/KAMOAAFC","folderPath":"/Contract Management System/@{variables('varTittle')}/Contract Creation/Final Draft","name":"@item()?['DisplayName']","body":"@body('Get_attachment_content_Contract_Draft_Attachments')"},"authentication":{"value":"@json(decodeBase64(triggerOutputs().headers['X-MS-APIM-Tokens']))['$ConnectionKey']","type":"Raw"}},"runtimeConfiguration":{"contentTransfer":{"transferMode":"Chunked"}}}},"runAfter":{"Get_attachments_Contract_Draft_Attachments":["Succeeded"]},"metadata":{"operationMetadataId":"651a09ae-f1b9-472b-8dde-4c309998aa01"},"type":"Foreach"}}},"Case_-_Memo_Attachments":{"case":"Memo Attachments","actions":{"Get_item_-_Memo_Attachments":{"runAfter":{},"metadata":{"operationMetadataId":"f8183a3a-ea47-445b-aa9a-813c4c5d44df"},"type":"OpenApiConnection","inputs":{"host":{"apiId":"/providers/Microsoft.PowerApps/apis/shared_sharepointonline","connectionName":"shared_sharepointonline","operationId":"GetItem"},"parameters":{"dataset":"https://altrocks1.sharepoint.com/sites/KAMOAAFC","table":"514a6d94-d20a-4cb3-baa1-7ba60232ac01","id":"@triggerBody()['number']"},"authentication":{"value":"@json(decodeBase64(triggerOutputs().headers['X-MS-APIM-Tokens']))['$ConnectionKey']","type":"Raw"}}},"Get_attachments_-_Memo_Attachments":{"runAfter":{"Get_item_-_Memo_Attachments":["Succeeded"]},"metadata":{"operationMetadataId":"f3e5dcd3-de26-443d-adcb-5fff8a7fe7ed"},"type":"OpenApiConnection","inputs":{"host":{"apiId":"/providers/Microsoft.PowerApps/apis/shared_sharepointonline","connectionName":"shared_sharepointonline","operationId":"GetItemAttachments"},"parameters":{"dataset":"https://altrocks1.sharepoint.com/sites/KAMOAAFC","table":"514a6d94-d20a-4cb3-baa1-7ba60232ac01","itemId":"@outputs('Get_item_-_Memo_Attachments')?['body/ID']"},"authentication":{"value":"@json(decodeBase64(triggerOutputs().headers['X-MS-APIM-Tokens']))['$ConnectionKey']","type":"Raw"}}},"Apply_to_each_5":{"foreach":"@body('Get_attachments_-_Memo_Attachments')","actions":{"Get_attachment_content_-_Memo_Attachments":{"runAfter":{},"metadata":{"operationMetadataId":"56b30446-5fb9-4f0f-a8b4-f7de55813e3a"},"type":"OpenApiConnection","inputs":{"host":{"apiId":"/providers/Microsoft.PowerApps/apis/shared_sharepointonline","connectionName":"shared_sharepointonline","operationId":"GetAttachmentContent"},"parameters":{"dataset":"https://altrocks1.sharepoint.com/sites/KAMOAAFC","table":"514a6d94-d20a-4cb3-baa1-7ba60232ac01","itemId":"@outputs('Get_item_-_Memo_Attachments')?['body/ID']","attachmentId":"@item()?['Id']"},"authentication":{"value":"@json(decodeBase64(triggerOutputs().headers['X-MS-APIM-Tokens']))['$ConnectionKey']","type":"Raw"}}},"Create_file_-_Memo_Attachments":{"runAfter":{"Get_attachment_content_-_Memo_Attachments":["Succeeded"]},"metadata":{"operationMetadataId":"14bf5aab-ba28-4f42-9280-58eda7dd4eb0"},"type":"OpenApiConnection","inputs":{"host":{"apiId":"/providers/Microsoft.PowerApps/apis/shared_sharepointonline","connectionName":"shared_sharepointonline","operationId":"CreateFile"},"parameters":{"dataset":"https://altrocks1.sharepoint.com/sites/KAMOAAFC","folderPath":"/Contract Management System/@{variables('varTittle')}/Contract Creation/Memo","name":"@item()?['DisplayName']","body":"@body('Get_attachment_content_-_Memo_Attachments')"},"authentication":{"value":"@json(decodeBase64(triggerOutputs().headers['X-MS-APIM-Tokens']))['$ConnectionKey']","type":"Raw"}},"runtimeConfiguration":{"contentTransfer":{"transferMode":"Chunked"}}}},"runAfter":{"Set_variable_-_Memo_Attachments":["Succeeded"]},"metadata":{"operationMetadataId":"56dcfbe4-6764-4220-ba07-9dbacf99981a"},"type":"Foreach"},"Set_variable_-_Memo_Attachments":{"runAfter":{"Get_attachments_-_Memo_Attachments":["Succeeded"]},"metadata":{"operationMetadataId":"a071ca4f-2389-4e90-9ff2-e5a67337e51f"},"type":"SetVariable","inputs":{"name":"varTittle","value":"@outputs('Get_item_-_Memo_Attachments')?['body/Title']"}}}},"Case_-_Term_Sheet_Attachments":{"case":"Term Sheet Attachments","actions":{"Get_item_-_Term_Sheet_Attachments":{"runAfter":{},"metadata":{"operationMetadataId":"ceaf1783-a2c1-4344-84ec-a571323f0626"},"type":"OpenApiConnection","inputs":{"host":{"apiId":"/providers/Microsoft.PowerApps/apis/shared_sharepointonline","connectionName":"shared_sharepointonline","operationId":"GetItem"},"parameters":{"dataset":"https://altrocks1.sharepoint.com/sites/KAMOAAFC","table":"1205485a-2249-4d7b-bc1e-5e4d60b65070","id":"@triggerBody()['number']"},"authentication":{"value":"@json(decodeBase64(triggerOutputs().headers['X-MS-APIM-Tokens']))['$ConnectionKey']","type":"Raw"}}},"Get_attachments_-_Term_Sheet_Attachments":{"runAfter":{"Set_variable_-_Term_Sheet_Attachments":["Succeeded"]},"metadata":{"operationMetadataId":"09b9d7df-e2ea-42ef-9056-7bd7c3384bf0"},"type":"OpenApiConnection","inputs":{"host":{"apiId":"/providers/Microsoft.PowerApps/apis/shared_sharepointonline","connectionName":"shared_sharepointonline","operationId":"GetItemAttachments"},"parameters":{"dataset":"https://altrocks1.sharepoint.com/sites/KAMOAAFC","table":"1205485a-2249-4d7b-bc1e-5e4d60b65070","itemId":"@outputs('Get_item_-_Term_Sheet_Attachments')?['body/ID']"},"authentication":{"value":"@json(decodeBase64(triggerOutputs().headers['X-MS-APIM-Tokens']))['$ConnectionKey']","type":"Raw"}}},"Apply_to_each_6":{"foreach":"@body('Get_attachments_-_Term_Sheet_Attachments')","actions":{"Get_attachment_content_3":{"runAfter":{},"metadata":{"operationMetadataId":"125d7fcd-bbd4-4f23-98c2-a971c0dce129"},"type":"OpenApiConnection","inputs":{"host":{"apiId":"/providers/Microsoft.PowerApps/apis/shared_sharepointonline","connectionName":"shared_sharepointonline","operationId":"GetAttachmentContent"},"parameters":{"dataset":"https://altrocks1.sharepoint.com/sites/KAMOAAFC","table":"1205485a-2249-4d7b-bc1e-5e4d60b65070","itemId":"@outputs('Get_item_-_Term_Sheet_Attachments')?['body/ID']","attachmentId":"@item()?['Id']"},"authentication":{"value":"@json(decodeBase64(triggerOutputs().headers['X-MS-APIM-Tokens']))['$ConnectionKey']","type":"Raw"}}},"Create_file_3":{"runAfter":{"Get_attachment_content_3":["Succeeded"]},"metadata":{"operationMetadataId":"c9dcd839-36d9-445a-a5c5-047322286e67"},"type":"OpenApiConnection","inputs":{"host":{"apiId":"/providers/Microsoft.PowerApps/apis/shared_sharepointonline","connectionName":"shared_sharepointonline","operationId":"CreateFile"},"parameters":{"dataset":"https://altrocks1.sharepoint.com/sites/KAMOAAFC","folderPath":"/Contract Management System/@{variables('varTittle')}/Contract Creation/Term Sheet","name":"@item()?['DisplayName']","body":"@body('Get_attachment_content_3')"},"authentication":{"value":"@json(decodeBase64(triggerOutputs().headers['X-MS-APIM-Tokens']))['$ConnectionKey']","type":"Raw"}},"runtimeConfiguration":{"contentTransfer":{"transferMode":"Chunked"}}}},"runAfter":{"Get_attachments_-_Term_Sheet_Attachments":["Succeeded"]},"metadata":{"operationMetadataId":"7b08ce22-adf2-4b02-ac6f-8abf60a8b9a1"},"type":"Foreach"},"Set_variable_-_Term_Sheet_Attachments":{"runAfter":{"Get_item_-_Term_Sheet_Attachments":["Succeeded"]},"metadata":{"operationMetadataId":"ac91340e-858a-439a-9648-616528a2836f"},"type":"SetVariable","inputs":{"name":"varTittle","value":"@outputs('Get_item_-_Term_Sheet_Attachments')?['body/Title']"}}}},"Case_-_Supplier_Signature_Doc":{"case":"Supplier Signature Doc","actions":{"Get_item_-_Supplier_Signature_Doc":{"runAfter":{},"metadata":{"operationMetadataId":"415b9c41-71fa-4aed-8b1f-d0175565b8e3"},"type":"OpenApiConnection","inputs":{"host":{"apiId":"/providers/Microsoft.PowerApps/apis/shared_sharepointonline","connectionName":"shared_sharepointonline","operationId":"GetItem"},"parameters":{"dataset":"https://altrocks1.sharepoint.com/sites/KAMOAAFC","table":"48e48191-6a04-4394-8797-e0b782399ff1","id":"@triggerBody()['number']"},"authentication":{"value":"@json(decodeBase64(triggerOutputs().headers['X-MS-APIM-Tokens']))['$ConnectionKey']","type":"Raw"}}},"Set_variable_-_Supplier_Signature_Doc":{"runAfter":{"Get_item_-_Supplier_Signature_Doc":["Succeeded"]},"metadata":{"operationMetadataId":"49807134-b06a-4d7d-a7fd-08e309096d4f"},"type":"SetVariable","inputs":{"name":"varTittle","value":"@outputs('Get_item_-_Supplier_Signature_Doc')?['body/Title']"}},"Get_attachments_-_Supplier_Signature_Doc":{"runAfter":{"Set_variable_-_Supplier_Signature_Doc":["Succeeded"]},"metadata":{"operationMetadataId":"1334df3b-e6cd-4a08-9021-86043d50d967"},"type":"OpenApiConnection","inputs":{"host":{"apiId":"/providers/Microsoft.PowerApps/apis/shared_sharepointonline","connectionName":"shared_sharepointonline","operationId":"GetItemAttachments"},"parameters":{"dataset":"https://altrocks1.sharepoint.com/sites/KAMOAAFC","table":"48e48191-6a04-4394-8797-e0b782399ff1","itemId":"@outputs('Get_item_-_Supplier_Signature_Doc')?['body/ID']"},"authentication":{"value":"@json(decodeBase64(triggerOutputs().headers['X-MS-APIM-Tokens']))['$ConnectionKey']","type":"Raw"}}},"Apply_to_each":{"foreach":"@body('Get_attachments_-_Supplier_Signature_Doc')","actions":{"Get_attachment_content_-_Supplier_Signature_Doc":{"runAfter":{},"metadata":{"operationMetadataId":"9b787f33-b430-459f-a6bc-1057f7efa302"},"type":"OpenApiConnection","inputs":{"host":{"apiId":"/providers/Microsoft.PowerApps/apis/shared_sharepointonline","connectionName":"shared_sharepointonline","operationId":"GetAttachmentContent"},"parameters":{"dataset":"https://altrocks1.sharepoint.com/sites/KAMOAAFC","table":"48e48191-6a04-4394-8797-e0b782399ff1","itemId":"@outputs('Get_item_-_Supplier_Signature_Doc')?['body/ID']","attachmentId":"@item()?['Id']"},"authentication":{"value":"@json(decodeBase64(triggerOutputs().headers['X-MS-APIM-Tokens']))['$ConnectionKey']","type":"Raw"}}},"Create_file__Supplier_Signature_Doc":{"runAfter":{"Get_attachment_content_-_Supplier_Signature_Doc":["Succeeded"]},"metadata":{"operationMetadataId":"bb6b9366-4bb3-4b7b-946d-057c4a1edc3c"},"type":"OpenApiConnection","inputs":{"host":{"apiId":"/providers/Microsoft.PowerApps/apis/shared_sharepointonline","connectionName":"shared_sharepointonline","operationId":"CreateFile"},"parameters":{"dataset":"https://altrocks1.sharepoint.com/sites/KAMOAAFC","folderPath":"/Contract Management System/@{variables('varTittle')}/Contract Initiation","name":"@item()?['DisplayName']","body":"@body('Get_attachment_content_-_Supplier_Signature_Doc')"},"authentication":{"value":"@json(decodeBase64(triggerOutputs().headers['X-MS-APIM-Tokens']))['$ConnectionKey']","type":"Raw"}},"runtimeConfiguration":{"contentTransfer":{"transferMode":"Chunked"}}}},"runAfter":{"Get_attachments_-_Supplier_Signature_Doc":["Succeeded"]},"metadata":{"operationMetadataId":"86c0aa77-1b33-4ac6-ad4b-6b92c3749ddb"},"type":"Foreach"}}},"Case_-_Ratification_Document":{"case":"Ratification Document","actions":{"Get_item_-_Ratification_Document":{"runAfter":{},"metadata":{"operationMetadataId":"5c0a6574-ed08-44ee-af57-e231c2848248"},"type":"OpenApiConnection","inputs":{"host":{"apiId":"/providers/Microsoft.PowerApps/apis/shared_sharepointonline","connectionName":"shared_sharepointonline","operationId":"GetItem"},"parameters":{"dataset":"https://altrocks1.sharepoint.com/sites/KAMOAAFC","table":"7139ef74-2482-4922-88f4-b4fc27d1b68f","id":"@triggerBody()['number']"},"authentication":{"value":"@json(decodeBase64(triggerOutputs().headers['X-MS-APIM-Tokens']))['$ConnectionKey']","type":"Raw"}}},"Set_variable_-_Ratification_Document":{"runAfter":{"Get_item_-_Ratification_Document":["Succeeded"]},"metadata":{"operationMetadataId":"bde265f8-db8e-4243-9071-20d03ad6bffc"},"type":"SetVariable","inputs":{"name":"varTittle","value":"@outputs('Get_item_-_Ratification_Document')?['body/Title']"}},"Get_attachments_-_Ratification_Document":{"runAfter":{"Set_variable_-_Ratification_Document":["Succeeded"]},"metadata":{"operationMetadataId":"1ef33c67-35c0-497d-ba0b-05e2cd78b810"},"type":"OpenApiConnection","inputs":{"host":{"apiId":"/providers/Microsoft.PowerApps/apis/shared_sharepointonline","connectionName":"shared_sharepointonline","operationId":"GetItemAttachments"},"parameters":{"dataset":"https://altrocks1.sharepoint.com/sites/KAMOAAFC","table":"7139ef74-2482-4922-88f4-b4fc27d1b68f","itemId":"@outputs('Get_item_-_Ratification_Document')?['body/ID']"},"authentication":{"value":"@json(decodeBase64(triggerOutputs().headers['X-MS-APIM-Tokens']))['$ConnectionKey']","type":"Raw"}}},"Apply_to_each_7":{"foreach":"@body('Get_attachments_-_Ratification_Document')","actions":{"Get_attachment_content_-_Ratification_Document":{"runAfter":{},"metadata":{"operationMetadataId":"f84b39f9-ddcf-4b15-9642-c1b19c136d74"},"type":"OpenApiConnection","inputs":{"host":{"apiId":"/providers/Microsoft.PowerApps/apis/shared_sharepointonline","connectionName":"shared_sharepointonline","operationId":"GetAttachmentContent"},"parameters":{"dataset":"https://altrocks1.sharepoint.com/sites/KAMOAAFC","table":"7139ef74-2482-4922-88f4-b4fc27d1b68f","itemId":"@outputs('Get_item_-_Ratification_Document')?['body/ID']","attachmentId":"@item()?['Id']"},"authentication":{"value":"@json(decodeBase64(triggerOutputs().headers['X-MS-APIM-Tokens']))['$ConnectionKey']","type":"Raw"}}},"Create_file_-_Ratification_Document":{"runAfter":{"Get_attachment_content_-_Ratification_Document":["Succeeded"]},"metadata":{"operationMetadataId":"7f25ac6e-0dcb-4dd9-998b-047e8f1032a2"},"type":"OpenApiConnection","inputs":{"host":{"apiId":"/providers/Microsoft.PowerApps/apis/shared_sharepointonline","connectionName":"shared_sharepointonline","operationId":"CreateFile"},"parameters":{"dataset":"https://altrocks1.sharepoint.com/sites/KAMOAAFC","folderPath":"/Contract Management System/@{variables('varTittle')}/Adjudication/Ratification Document","name":"@item()?['DisplayName']","body":"@body('Get_attachment_content_-_Ratification_Document')"},"authentication":{"value":"@json(decodeBase64(triggerOutputs().headers['X-MS-APIM-Tokens']))['$ConnectionKey']","type":"Raw"}},"runtimeConfiguration":{"contentTransfer":{"transferMode":"Chunked"}}}},"runAfter":{"Get_attachments_-_Ratification_Document":["Succeeded"]},"metadata":{"operationMetadataId":"b48c6740-ace3-4cc4-a824-8b72c5ed9753"},"type":"Foreach"}}},"Case_-_Overall_Score_Attachments":{"case":"Overall Score Attachments","actions":{"Get_item_-_Overall_Score_Attachments":{"runAfter":{},"metadata":{"operationMetadataId":"f53e629a-755e-40a9-b0b1-e91509c8ca84"},"type":"OpenApiConnection","inputs":{"host":{"apiId":"/providers/Microsoft.PowerApps/apis/shared_sharepointonline","connectionName":"shared_sharepointonline","operationId":"GetItem"},"parameters":{"dataset":"https://altrocks1.sharepoint.com/sites/KAMOAAFC","table":"704413b6-22e8-4a83-92da-1a83204719e0","id":"@triggerBody()['number']"},"authentication":{"value":"@json(decodeBase64(triggerOutputs().headers['X-MS-APIM-Tokens']))['$ConnectionKey']","type":"Raw"}}},"Set_variable_-_Overall_Score_Attachments":{"runAfter":{"Get_item_-_Overall_Score_Attachments":["Succeeded"]},"metadata":{"operationMetadataId":"a860e563-c72e-4b9e-a1f2-b8b11cd358cc"},"type":"SetVariable","inputs":{"name":"varTittle","value":"@outputs('Get_item_-_Overall_Score_Attachments')?['body/Title']"}},"Get_attachments_-_Overall_Score_Attachments":{"runAfter":{"Set_variable_-_Overall_Score_Attachments":["Succeeded"]},"metadata":{"operationMetadataId":"3867cefe-dbfc-421e-9a38-a25f281c1188"},"type":"OpenApiConnection","inputs":{"host":{"apiId":"/providers/Microsoft.PowerApps/apis/shared_sharepointonline","connectionName":"shared_sharepointonline","operationId":"GetItemAttachments"},"parameters":{"dataset":"https://altrocks1.sharepoint.com/sites/KAMOAAFC","table":"704413b6-22e8-4a83-92da-1a83204719e0","itemId":"@outputs('Get_item_-_Overall_Score_Attachments')?['body/ID']"},"authentication":{"value":"@json(decodeBase64(triggerOutputs().headers['X-MS-APIM-Tokens']))['$ConnectionKey']","type":"Raw"}}},"Apply_to_each_8":{"foreach":"@body('Get_attachments_-_Overall_Score_Attachments')","actions":{"Get_attachment_content_-_Overall_Score_Attachments":{"runAfter":{},"metadata":{"operationMetadataId":"0e538c5d-1e58-48ae-a283-2f0ee4f0cadb"},"type":"OpenApiConnection","inputs":{"host":{"apiId":"/providers/Microsoft.PowerApps/apis/shared_sharepointonline","connectionName":"shared_sharepointonline","operationId":"GetAttachmentContent"},"parameters":{"dataset":"https://altrocks1.sharepoint.com/sites/KAMOAAFC","table":"704413b6-22e8-4a83-92da-1a83204719e0","itemId":"@outputs('Get_item_-_Overall_Score_Attachments')?['body/ID']","attachmentId":"@item()?['Id']"},"authentication":{"value":"@json(decodeBase64(triggerOutputs().headers['X-MS-APIM-Tokens']))['$ConnectionKey']","type":"Raw"}}},"Create_file_-_Overall_Score_Document":{"runAfter":{"Get_attachment_content_-_Overall_Score_Attachments":["Succeeded"]},"metadata":{"operationMetadataId":"2fe32b90-b6c6-4af1-8ad1-8f42434a6ee9"},"type":"OpenApiConnection","inputs":{"host":{"apiId":"/providers/Microsoft.PowerApps/apis/shared_sharepointonline","connectionName":"shared_sharepointonline","operationId":"CreateFile"},"parameters":{"dataset":"https://altrocks1.sharepoint.com/sites/KAMOAAFC","folderPath":"/Contract Management System/@{variables('varTittle')}/Adjudication/Overall Score Document","name":"@item()?['DisplayName']","body":"@body('Get_attachment_content_-_Overall_Score_Attachments')"},"authentication":{"value":"@json(decodeBase64(triggerOutputs().headers['X-MS-APIM-Tokens']))['$ConnectionKey']","type":"Raw"}},"runtimeConfiguration":{"contentTransfer":{"transferMode":"Chunked"}}}},"runAfter":{"Get_attachments_-_Overall_Score_Attachments":["Succeeded"]},"metadata":{"operationMetadataId":"fe447778-a514-4549-bda7-5320a31319e8"},"type":"Foreach"}}},"Case_-_Amendment_Memo":{"case":"Amendment Memo","actions":{"Get_item_-_Amendment_Memo":{"runAfter":{},"metadata":{"operationMetadataId":"6d26298d-833d-4f74-bda3-0a7f6e07ba15"},"type":"OpenApiConnection","inputs":{"host":{"apiId":"/providers/Microsoft.PowerApps/apis/shared_sharepointonline","connectionName":"shared_sharepointonline_1","operationId":"GetItem"},"parameters":{"dataset":"https://altrocks1.sharepoint.com/sites/KAMOAAFC","table":"98a45c55-8770-4423-87d0-eace167fc645","id":"@triggerBody()['number']"},"authentication":{"value":"@json(decodeBase64(triggerOutputs().headers['X-MS-APIM-Tokens']))['$ConnectionKey']","type":"Raw"}}},"Set_variable_-_Amendment_Memo":{"runAfter":{"Get_item_-_Amendment_Memo":["Succeeded"]},"metadata":{"operationMetadataId":"d9e62046-c051-432c-980e-8bdca0989b1a"},"type":"SetVariable","inputs":{"name":"varTittle","value":"@outputs('Get_item_-_Amendment_Memo')?['body/Title']"}},"Get_attachments_-_Amendment_Memo":{"runAfter":{"Set_variable_-_Amendment_Memo":["Succeeded"]},"metadata":{"operationMetadataId":"cb4161fc-3931-4a92-9dcb-ed88ac684540"},"type":"OpenApiConnection","inputs":{"host":{"apiId":"/providers/Microsoft.PowerApps/apis/shared_sharepointonline","connectionName":"shared_sharepointonline_1","operationId":"GetItemAttachments"},"parameters":{"dataset":"https://altrocks1.sharepoint.com/sites/KAMOAAFC","table":"98a45c55-8770-4423-87d0-eace167fc645","itemId":"@outputs('Get_item_-_Amendment_Memo')?['body/ID']"},"authentication":{"value":"@json(decodeBase64(triggerOutputs().headers['X-MS-APIM-Tokens']))['$ConnectionKey']","type":"Raw"}}},"Apply_to_each_9":{"foreach":"@body('Get_attachments_-_Amendment_Memo')","actions":{"Get_attachment_content_-_Amendment_Memo":{"runAfter":{},"metadata":{"operationMetadataId":"d11c40e7-7cab-41f4-a86b-82d4b4135675"},"type":"OpenApiConnection","inputs":{"host":{"apiId":"/providers/Microsoft.PowerApps/apis/shared_sharepointonline","connectionName":"shared_sharepointonline_1","operationId":"GetAttachmentContent"},"parameters":{"dataset":"https://altrocks1.sharepoint.com/sites/KAMOAAFC","table":"98a45c55-8770-4423-87d0-eace167fc645","itemId":"@outputs('Get_item_-_Amendment_Memo')?['body/ID']","attachmentId":"@item()?['Id']"},"authentication":{"value":"@json(decodeBase64(triggerOutputs().headers['X-MS-APIM-Tokens']))['$ConnectionKey']","type":"Raw"}}},"Create_file_-_Amendment_Memo":{"runAfter":{"Get_attachment_content_-_Amendment_Memo":["Succeeded"]},"metadata":{"operationMetadataId":"e638e11a-3267-4b21-bce3-16165b9853b7"},"type":"OpenApiConnection","inputs":{"host":{"apiId":"/providers/Microsoft.PowerApps/apis/shared_sharepointonline","connectionName":"shared_sharepointonline_1","operationId":"CreateFile"},"parameters":{"dataset":"https://altrocks1.sharepoint.com/sites/KAMOAAFC","folderPath":"/Contract Management System/@{variables('varTittle')}/Amendment/Amendment Memo","name":"@item()?['DisplayName']","body":"@body('Get_attachment_content_-_Amendment_Memo')"},"authentication":{"value":"@json(decodeBase64(triggerOutputs().headers['X-MS-APIM-Tokens']))['$ConnectionKey']","type":"Raw"}},"runtimeConfiguration":{"contentTransfer":{"transferMode":"Chunked"}}}},"runAfter":{"Get_attachments_-_Amendment_Memo":["Succeeded"]},"metadata":{"operationMetadataId":"4d92201a-0377-4aee-8dc5-8edfa446f2c8"},"type":"Foreach"}}},"Case_-_Amendment_Supplier_Signature_Doc":{"case":"Amendment Supplier Signature Doc","actions":{"Get_item_-_Amendment_Supplier_Signature_Doc":{"runAfter":{},"metadata":{"operationMetadataId":"c765bd36-6afd-457a-b8a9-346a734a320f"},"type":"OpenApiConnection","inputs":{"host":{"apiId":"/providers/Microsoft.PowerApps/apis/shared_sharepointonline","connectionName":"shared_sharepointonline_1","operationId":"GetItem"},"parameters":{"dataset":"https://altrocks1.sharepoint.com/sites/KAMOAAFC","table":"67b0d389-b6d5-4b75-8a07-dd834451105a","id":"@triggerBody()['number']"},"authentication":{"value":"@json(decodeBase64(triggerOutputs().headers['X-MS-APIM-Tokens']))['$ConnectionKey']","type":"Raw"}}},"Set_variable_-_Amendment_Supplier_Signature_Doc":{"runAfter":{"Get_item_-_Amendment_Supplier_Signature_Doc":["Succeeded"]},"metadata":{"operationMetadataId":"c25fb5d1-545e-48af-b1ce-641343248c20"},"type":"SetVariable","inputs":{"name":"varTittle","value":"@outputs('Get_item_-_Amendment_Supplier_Signature_Doc')?['body/Title']"}},"Get_attachments_-_Amendment_Supplier_Signature_Doc":{"runAfter":{"Set_variable_-_Amendment_Supplier_Signature_Doc":["Succeeded"]},"metadata":{"operationMetadataId":"0da95fbc-9c1c-4928-ae65-ddcef8cbc2a2"},"type":"OpenApiConnection","inputs":{"host":{"apiId":"/providers/Microsoft.PowerApps/apis/shared_sharepointonline","connectionName":"shared_sharepointonline_1","operationId":"GetItemAttachments"},"parameters":{"dataset":"https://altrocks1.sharepoint.com/sites/KAMOAAFC","table":"67b0d389-b6d5-4b75-8a07-dd834451105a","itemId":"@outputs('Get_item_-_Amendment_Supplier_Signature_Doc')?['body/ID']"},"authentication":{"value":"@json(decodeBase64(triggerOutputs().headers['X-MS-APIM-Tokens']))['$ConnectionKey']","type":"Raw"}}},"Apply_to_each_10":{"foreach":"@body('Get_attachments_-_Amendment_Supplier_Signature_Doc')","actions":{"Get_attachment_content_-_Amendment_Supplier_Signature_Doc":{"runAfter":{},"metadata":{"operationMetadataId":"74a370bd-9031-4cc3-a555-4074769cf2f0"},"type":"OpenApiConnection","inputs":{"host":{"apiId":"/providers/Microsoft.PowerApps/apis/shared_sharepointonline","connectionName":"shared_sharepointonline_1","operationId":"GetAttachmentContent"},"parameters":{"dataset":"https://altrocks1.sharepoint.com/sites/KAMOAAFC","table":"67b0d389-b6d5-4b75-8a07-dd834451105a","itemId":"@outputs('Get_item_-_Amendment_Supplier_Signature_Doc')?['body/ID']","attachmentId":"@item()?['Id']"},"authentication":{"value":"@json(decodeBase64(triggerOutputs().headers['X-MS-APIM-Tokens']))['$ConnectionKey']","type":"Raw"}}},"Create_file_-_Amendment_Supplier_Signature_Doc":{"runAfter":{"Get_attachment_content_-_Amendment_Supplier_Signature_Doc":["Succeeded"]},"metadata":{"operationMetadataId":"2aaf5f14-e350-4f31-9133-ea5bd4d9da75"},"type":"OpenApiConnection","inputs":{"host":{"apiId":"/providers/Microsoft.PowerApps/apis/shared_sharepointonline","connectionName":"shared_sharepointonline_1","operationId":"CreateFile"},"parameters":{"dataset":"https://altrocks1.sharepoint.com/sites/KAMOAAFC","folderPath":"/Contract Management System/@{variables('varTittle')}/Amendment/Amendment Supplier Document","name":"@item()?['DisplayName']","body":"@body('Get_attachment_content_-_Amendment_Supplier_Signature_Doc')"},"authentication":{"value":"@json(decodeBase64(triggerOutputs().headers['X-MS-APIM-Tokens']))['$ConnectionKey']","type":"Raw"}},"runtimeConfiguration":{"contentTransfer":{"transferMode":"Chunked"}}}},"runAfter":{"Get_attachments_-_Amendment_Supplier_Signature_Doc":["Succeeded"]},"metadata":{"operationMetadataId":"cea5dc3c-9d88-440a-a318-1c181bf195df"},"type":"Foreach"}}},"Case_-_Final_Amendment_Memo":{"case":"Final Amendment Memo","actions":{"Get_item":{"runAfter":{},"metadata":{"operationMetadataId":"3b80c93b-165c-4aba-a11b-00c3917a13f6"},"type":"OpenApiConnection","inputs":{"host":{"apiId":"/providers/Microsoft.PowerApps/apis/shared_sharepointonline","connectionName":"shared_sharepointonline_1","operationId":"GetItem"},"parameters":{"dataset":"https://altrocks1.sharepoint.com/sites/KAMOAAFC","table":"59f41541-ca2e-4cdf-b633-821ba332445c","id":"@triggerBody()['number']"},"authentication":{"value":"@json(decodeBase64(triggerOutputs().headers['X-MS-APIM-Tokens']))['$ConnectionKey']","type":"Raw"}}},"Set_variable_-_Amendment_Final_Draft":{"runAfter":{"Get_item":["Succeeded"]},"metadata":{"operationMetadataId":"884bc701-9714-4398-8b66-1a203be12f53"},"type":"SetVariable","inputs":{"name":"varTittle","value":"@outputs('Get_item')?['body/Title']"}},"Get_attachments_-_Amendment_Final_Draft":{"runAfter":{"Set_variable_-_Amendment_Final_Draft":["Succeeded"]},"metadata":{"operationMetadataId":"22c97735-f87a-450c-bf7e-9b3f1e890116"},"type":"OpenApiConnection","inputs":{"host":{"apiId":"/providers/Microsoft.PowerApps/apis/shared_sharepointonline","connectionName":"shared_sharepointonline_1","operationId":"GetItemAttachments"},"parameters":{"dataset":"https://altrocks1.sharepoint.com/sites/KAMOAAFC","table":"59f41541-ca2e-4cdf-b633-821ba332445c","itemId":"@outputs('Get_item')?['body/ID']"},"authentication":{"value":"@json(decodeBase64(triggerOutputs().headers['X-MS-APIM-Tokens']))['$ConnectionKey']","type":"Raw"}}},"Apply_to_each_11":{"foreach":"@body('Get_attachments_-_Amendment_Final_Draft')","actions":{"Get_attachment_content_-_Amendment_Final_Draft":{"runAfter":{},"metadata":{"operationMetadataId":"104f0ad1-7fbd-4724-bc5f-274e83effc6b"},"type":"OpenApiConnection","inputs":{"host":{"apiId":"/providers/Microsoft.PowerApps/apis/shared_sharepointonline","connectionName":"shared_sharepointonline_1","operationId":"GetAttachmentContent"},"parameters":{"dataset":"https://altrocks1.sharepoint.com/sites/KAMOAAFC","table":"59f41541-ca2e-4cdf-b633-821ba332445c","itemId":"@outputs('Get_item')?['body/ID']","attachmentId":"@item()?['Id']"},"authentication":{"value":"@json(decodeBase64(triggerOutputs().headers['X-MS-APIM-Tokens']))['$ConnectionKey']","type":"Raw"}}},"Create_file_-_Amendment_Final_Draft":{"runAfter":{"Get_attachment_content_-_Amendment_Final_Draft":["Succeeded"]},"metadata":{"operationMetadataId":"f2b45e7a-7252-4d45-b8c8-c5c9d4345429"},"type":"OpenApiConnection","inputs":{"host":{"apiId":"/providers/Microsoft.PowerApps/apis/shared_sharepointonline","connectionName":"shared_sharepointonline_1","operationId":"CreateFile"},"parameters":{"dataset":"https://altrocks1.sharepoint.com/sites/KAMOAAFC","folderPath":"/Contract Management System/@{variables('varTittle')}/Amendment/Amendment Final Draft","name":"@item()?['DisplayName']","body":"@body('Get_attachment_content_-_Amendment_Final_Draft')"},"authentication":{"value":"@json(decodeBase64(triggerOutputs().headers['X-MS-APIM-Tokens']))['$ConnectionKey']","type":"Raw"}},"runtimeConfiguration":{"contentTransfer":{"transferMode":"Chunked"}}}},"runAfter":{"Get_attachments_-_Amendment_Final_Draft":["Succeeded"]},"metadata":{"operationMetadataId":"fff17531-2397-4da4-a950-b2e9ec6a25a4"},"type":"Foreach"}}},"Case_-_Amendment_Term_Sheet":{"case":"Amendment Term Sheet","actions":{"Get_item_-_Amendment_Term_Sheet":{"runAfter":{},"metadata":{"operationMetadataId":"617b4d96-e892-4fd0-8219-eafcaa296f05"},"type":"OpenApiConnection","inputs":{"host":{"apiId":"/providers/Microsoft.PowerApps/apis/shared_sharepointonline","connectionName":"shared_sharepointonline_1","operationId":"GetItem"},"parameters":{"dataset":"https://altrocks1.sharepoint.com/sites/KAMOAAFC","table":"2bce37f5-ac5e-45da-af5d-d057d1a2975d","id":"@triggerBody()['number']"},"authentication":{"value":"@json(decodeBase64(triggerOutputs().headers['X-MS-APIM-Tokens']))['$ConnectionKey']","type":"Raw"}}},"Set_variable_-_Amendment_Term_Sheet":{"runAfter":{"Get_item_-_Amendment_Term_Sheet":["Succeeded"]},"metadata":{"operationMetadataId":"fcb43bcf-5732-44b4-9822-5fa6adf34fac"},"type":"SetVariable","inputs":{"name":"varTittle","value":"@outputs('Get_item_-_Amendment_Term_Sheet')?['body/Title']"}},"Get_attachments_-_Amendment_Term_Sheet":{"runAfter":{"Set_variable_-_Amendment_Term_Sheet":["Succeeded"]},"metadata":{"operationMetadataId":"1c5ee4cc-1ab3-4e29-8119-65923a75f28f"},"type":"OpenApiConnection","inputs":{"host":{"apiId":"/providers/Microsoft.PowerApps/apis/shared_sharepointonline","connectionName":"shared_sharepointonline_1","operationId":"GetItemAttachments"},"parameters":{"dataset":"https://altrocks1.sharepoint.com/sites/KAMOAAFC","table":"2bce37f5-ac5e-45da-af5d-d057d1a2975d","itemId":"@outputs('Get_item_-_Amendment_Term_Sheet')?['body/ID']"},"authentication":{"value":"@json(decodeBase64(triggerOutputs().headers['X-MS-APIM-Tokens']))['$ConnectionKey']","type":"Raw"}}},"Apply_to_each_12":{"foreach":"@body('Get_attachments_-_Amendment_Term_Sheet')","actions":{"Get_attachment_content_-_Amendment_Term_Sheet":{"runAfter":{},"metadata":{"operationMetadataId":"afac4bbf-b87a-40f0-95fe-01681309aefb"},"type":"OpenApiConnection","inputs":{"host":{"apiId":"/providers/Microsoft.PowerApps/apis/shared_sharepointonline","connectionName":"shared_sharepointonline_1","operationId":"GetAttachmentContent"},"parameters":{"dataset":"https://altrocks1.sharepoint.com/sites/KAMOAAFC","table":"2bce37f5-ac5e-45da-af5d-d057d1a2975d","itemId":"@outputs('Get_item_-_Amendment_Term_Sheet')?['body/ID']","attachmentId":"@item()?['Id']"},"authentication":{"value":"@json(decodeBase64(triggerOutputs().headers['X-MS-APIM-Tokens']))['$ConnectionKey']","type":"Raw"}}},"Create_file_-_Amendment_Term_Sheet":{"runAfter":{"Get_attachment_content_-_Amendment_Term_Sheet":["Succeeded"]},"metadata":{"operationMetadataId":"3e768aac-9461-45d4-ad4c-1aa43f71bfb4"},"type":"OpenApiConnection","inputs":{"host":{"apiId":"/providers/Microsoft.PowerApps/apis/shared_sharepointonline","connectionName":"shared_sharepointonline_1","operationId":"CreateFile"},"parameters":{"dataset":"https://altrocks1.sharepoint.com/sites/KAMOAAFC","folderPath":"/Contract Management System/@{variables('varTittle')}/Amendment/Amendment Term Sheet","name":"@item()?['DisplayName']","body":"@body('Get_attachment_content_-_Amendment_Term_Sheet')"},"authentication":{"value":"@json(decodeBase64(triggerOutputs().headers['X-MS-APIM-Tokens']))['$ConnectionKey']","type":"Raw"}},"runtimeConfiguration":{"contentTransfer":{"transferMode":"Chunked"}}}},"runAfter":{"Get_attachments_-_Amendment_Term_Sheet":["Succeeded"]},"metadata":{"operationMetadataId":"13b1d5d0-6bd3-478b-9332-a1f241d0493e"},"type":"Foreach"}}},"Case_-_Novation_Memo":{"case":"Novation Memo","actions":{"Get_item_-_Novation_Memo":{"runAfter":{},"metadata":{"operationMetadataId":"68d6ccf6-d9ba-4fa4-b945-37a82fe5954b"},"type":"OpenApiConnection","inputs":{"host":{"apiId":"/providers/Microsoft.PowerApps/apis/shared_sharepointonline","connectionName":"shared_sharepointonline","operationId":"GetItem"},"parameters":{"dataset":"https://altrocks1.sharepoint.com/sites/KAMOAAFC","table":"5da96709-9ad7-474b-b2d4-14d13dcdeb3b","id":"@triggerBody()['number']"},"authentication":{"value":"@json(decodeBase64(triggerOutputs().headers['X-MS-APIM-Tokens']))['$ConnectionKey']","type":"Raw"}}},"Set_variable_-_Novation_Memo":{"runAfter":{"Get_item_-_Novation_Memo":["Succeeded"]},"metadata":{"operationMetadataId":"0eff26fa-65b4-49bb-82c1-17f05f548953"},"type":"SetVariable","inputs":{"name":"varTittle","value":"@outputs('Get_item_-_Novation_Memo')?['body/Title']"}},"Get_attachments_-_Novation_Memo":{"runAfter":{"Set_variable_-_Novation_Memo":["Succeeded"]},"metadata":{"operationMetadataId":"b5e20976-19ed-43c0-8124-93509b52084f"},"type":"OpenApiConnection","inputs":{"host":{"apiId":"/providers/Microsoft.PowerApps/apis/shared_sharepointonline","connectionName":"shared_sharepointonline","operationId":"GetItemAttachments"},"parameters":{"dataset":"https://altrocks1.sharepoint.com/sites/KAMOAAFC","table":"5da96709-9ad7-474b-b2d4-14d13dcdeb3b","itemId":"@outputs('Get_item_-_Novation_Memo')?['body/ID']"},"authentication":{"value":"@json(decodeBase64(triggerOutputs().headers['X-MS-APIM-Tokens']))['$ConnectionKey']","type":"Raw"}}},"Apply_to_each_13":{"foreach":"@body('Get_attachments_-_Novation_Memo')","actions":{"Get_attachment_content_-_Novation_Memo":{"runAfter":{},"metadata":{"operationMetadataId":"64d4f0be-60f9-46cb-9a4f-21acea51b415"},"type":"OpenApiConnection","inputs":{"host":{"apiId":"/providers/Microsoft.PowerApps/apis/shared_sharepointonline","connectionName":"shared_sharepointonline","operationId":"GetAttachmentContent"},"parameters":{"dataset":"https://altrocks1.sharepoint.com/sites/KAMOAAFC","table":"5da96709-9ad7-474b-b2d4-14d13dcdeb3b","itemId":"@outputs('Get_item_-_Novation_Memo')?['body/ID']","attachmentId":"@item()?['Id']"},"authentication":{"value":"@json(decodeBase64(triggerOutputs().headers['X-MS-APIM-Tokens']))['$ConnectionKey']","type":"Raw"}}},"Create_file_-_Novation_Memo":{"runAfter":{"Get_attachment_content_-_Novation_Memo":["Succeeded"]},"metadata":{"operationMetadataId":"2d7aa435-f979-4da6-b095-ed21799769a4"},"type":"OpenApiConnection","inputs":{"host":{"apiId":"/providers/Microsoft.PowerApps/apis/shared_sharepointonline","connectionName":"shared_sharepointonline","operationId":"CreateFile"},"parameters":{"dataset":"https://altrocks1.sharepoint.com/sites/KAMOAAFC","folderPath":"/Contract Management System/@{variables('varTittle')}/Novation/Novation Memo","name":"@item()?['DisplayName']","body":"@body('Get_attachment_content_-_Novation_Memo')"},"authentication":{"value":"@json(decodeBase64(triggerOutputs().headers['X-MS-APIM-Tokens']))['$ConnectionKey']","type":"Raw"}},"runtimeConfiguration":{"contentTransfer":{"transferMode":"Chunked"}}}},"runAfter":{"Get_attachments_-_Novation_Memo":["Succeeded"]},"metadata":{"operationMetadataId":"0cb48cf2-28e9-44a8-b5bb-9fa176de3f6f"},"type":"Foreach"}}},"Case_-_Novation_Final_Contract":{"case":"Final Novation Contract","actions":{"Get_item_-_Final_Novation_Contract":{"runAfter":{},"metadata":{"operationMetadataId":"bd9acf7e-0d5f-44f8-8cef-77c687a28196"},"type":"OpenApiConnection","inputs":{"host":{"apiId":"/providers/Microsoft.PowerApps/apis/shared_sharepointonline","connectionName":"shared_sharepointonline","operationId":"GetItem"},"parameters":{"dataset":"https://altrocks1.sharepoint.com/sites/KAMOAAFC","table":"84c138d3-028f-4373-aa2a-aada36a46315","id":"@triggerBody()['number']"},"authentication":{"value":"@json(decodeBase64(triggerOutputs().headers['X-MS-APIM-Tokens']))['$ConnectionKey']","type":"Raw"}}},"Get_attachments_-_Final_Novation_Contract":{"runAfter":{"Set_variable_-_Final_Novation_Contract":["Succeeded"]},"metadata":{"operationMetadataId":"d21ed6b2-0c36-4bdd-897a-6c48b4f6a942"},"type":"OpenApiConnection","inputs":{"host":{"apiId":"/providers/Microsoft.PowerApps/apis/shared_sharepointonline","connectionName":"shared_sharepointonline","operationId":"GetItemAttachments"},"parameters":{"dataset":"https://altrocks1.sharepoint.com/sites/KAMOAAFC","table":"84c138d3-028f-4373-aa2a-aada36a46315","itemId":"@outputs('Get_item_-_Final_Novation_Contract')?['body/ID']"},"authentication":{"value":"@json(decodeBase64(triggerOutputs().headers['X-MS-APIM-Tokens']))['$ConnectionKey']","type":"Raw"}}},"Set_variable_-_Final_Novation_Contract":{"runAfter":{"Get_item_-_Final_Novation_Contract":["Succeeded"]},"metadata":{"operationMetadataId":"dd21e5e0-5181-4d0e-aff8-d68eaf809d38"},"type":"SetVariable","inputs":{"name":"varTittle","value":"@outputs('Get_item_-_Final_Novation_Contract')?['body/Title']"}},"Apply_to_each_14":{"foreach":"@body('Get_attachments_-_Final_Novation_Contract')","actions":{"Get_attachment_content_-_Final_Novation_Contract":{"runAfter":{},"metadata":{"operationMetadataId":"e910d0a4-7008-45d7-851c-7ed1dbdd36fc"},"type":"OpenApiConnection","inputs":{"host":{"apiId":"/providers/Microsoft.PowerApps/apis/shared_sharepointonline","connectionName":"shared_sharepointonline","operationId":"GetAttachmentContent"},"parameters":{"dataset":"https://altrocks1.sharepoint.com/sites/KAMOAAFC","table":"84c138d3-028f-4373-aa2a-aada36a46315","itemId":"@outputs('Get_item_-_Final_Novation_Contract')?['body/ID']","attachmentId":"@item()?['Id']"},"authentication":{"value":"@json(decodeBase64(triggerOutputs().headers['X-MS-APIM-Tokens']))['$ConnectionKey']","type":"Raw"}}},"Create_file_-_Final_Novation_Contract":{"runAfter":{"Get_attachment_content_-_Final_Novation_Contract":["Succeeded"]},"metadata":{"operationMetadataId":"ab1a7382-7647-4d02-9b72-4139389ef659"},"type":"OpenApiConnection","inputs":{"host":{"apiId":"/providers/Microsoft.PowerApps/apis/shared_sharepointonline","connectionName":"shared_sharepointonline","operationId":"CreateFile"},"parameters":{"dataset":"https://altrocks1.sharepoint.com/sites/KAMOAAFC","folderPath":"/Contract Management System/@{variables('varTittle')}/Novation/Novation Final Contract","name":"@item()?['DisplayName']","body":"@body('Get_attachment_content_-_Final_Novation_Contract')"},"authentication":{"value":"@json(decodeBase64(triggerOutputs().headers['X-MS-APIM-Tokens']))['$ConnectionKey']","type":"Raw"}},"runtimeConfiguration":{"contentTransfer":{"transferMode":"Chunked"}}}},"runAfter":{"Get_attachments_-_Final_Novation_Contract":["Succeeded"]},"metadata":{"operationMetadataId":"5a84e916-282a-4f61-b1fe-2741cc4dcd90"},"type":"Foreach"}}},"Case_-_Novation_Supplier_Doc":{"case":"Novation Supplier Doc","actions":{"Get_item_-_Novation_Supplier_Sign_Doc":{"runAfter":{},"metadata":{"operationMetadataId":"add007ff-4041-4f3d-9528-3670bf72d19b"},"type":"OpenApiConnection","inputs":{"host":{"apiId":"/providers/Microsoft.PowerApps/apis/shared_sharepointonline","connectionName":"shared_sharepointonline","operationId":"GetItem"},"parameters":{"dataset":"https://altrocks1.sharepoint.com/sites/KAMOAAFC","table":"f7dcf988-b016-4fe3-856a-36ead3e60bc6","id":"@triggerBody()['number']"},"authentication":{"value":"@json(decodeBase64(triggerOutputs().headers['X-MS-APIM-Tokens']))['$ConnectionKey']","type":"Raw"}}},"Set_variable_-_Novation_Supplier_Sign_Doc":{"runAfter":{"Get_item_-_Novation_Supplier_Sign_Doc":["Succeeded"]},"metadata":{"operationMetadataId":"cce50c85-453e-4eb5-8f8a-122b4b98f795"},"type":"SetVariable","inputs":{"name":"varTittle","value":"@outputs('Get_item_-_Novation_Supplier_Sign_Doc')?['body/Title']"}},"Get_attachments_-_Novation_Supplier_Sign_Doc":{"runAfter":{"Set_variable_-_Novation_Supplier_Sign_Doc":["Succeeded"]},"metadata":{"operationMetadataId":"f5583e4c-1379-458a-bd7a-8ea82f64856e"},"type":"OpenApiConnection","inputs":{"host":{"apiId":"/providers/Microsoft.PowerApps/apis/shared_sharepointonline","connectionName":"shared_sharepointonline","operationId":"GetItemAttachments"},"parameters":{"dataset":"https://altrocks1.sharepoint.com/sites/KAMOAAFC","table":"f7dcf988-b016-4fe3-856a-36ead3e60bc6","itemId":"@outputs('Get_item_-_Novation_Supplier_Sign_Doc')?['body/ID']"},"authentication":{"value":"@json(decodeBase64(triggerOutputs().headers['X-MS-APIM-Tokens']))['$ConnectionKey']","type":"Raw"}}},"Apply_to_each_15":{"foreach":"@body('Get_attachments_-_Novation_Supplier_Sign_Doc')","actions":{"Get_attachment_content_-_Novation_Supplier_Sign_Doc":{"runAfter":{},"metadata":{"operationMetadataId":"d6179cd3-9097-4926-b66d-aa961b5f1a93"},"type":"OpenApiConnection","inputs":{"host":{"apiId":"/providers/Microsoft.PowerApps/apis/shared_sharepointonline","connectionName":"shared_sharepointonline","operationId":"GetAttachmentContent"},"parameters":{"dataset":"https://altrocks1.sharepoint.com/sites/KAMOAAFC","table":"f7dcf988-b016-4fe3-856a-36ead3e60bc6","itemId":"@outputs('Get_item_-_Novation_Supplier_Sign_Doc')?['body/ID']","attachmentId":"@item()?['Id']"},"authentication":{"value":"@json(decodeBase64(triggerOutputs().headers['X-MS-APIM-Tokens']))['$ConnectionKey']","type":"Raw"}}},"Create_file_-_Novation_Supplier_Sign_Doc":{"runAfter":{"Get_attachment_content_-_Novation_Supplier_Sign_Doc":["Succeeded"]},"metadata":{"operationMetadataId":"a52dfb07-bb91-4d50-a947-96c2711a8849"},"type":"OpenApiConnection","inputs":{"host":{"apiId":"/providers/Microsoft.PowerApps/apis/shared_sharepointonline","connectionName":"shared_sharepointonline","operationId":"CreateFile"},"parameters":{"dataset":"https://altrocks1.sharepoint.com/sites/KAMOAAFC","folderPath":"/Contract Management System/@{variables('varTittle')}/Novation/Novation Supplier Doc","name":"@item()?['DisplayName']","body":"@body('Get_attachment_content_-_Novation_Supplier_Sign_Doc')"},"authentication":{"value":"@json(decodeBase64(triggerOutputs().headers['X-MS-APIM-Tokens']))['$ConnectionKey']","type":"Raw"}},"runtimeConfiguration":{"contentTransfer":{"transferMode":"Chunked"}}}},"runAfter":{"Get_attachments_-_Novation_Supplier_Sign_Doc":["Succeeded"]},"metadata":{"operationMetadataId":"d9309b24-08e5-4772-a3ef-c48ec3073d80"},"type":"Foreach"}}}},"default":{"actions":{}},"expression":"@triggerBody()['text']","metadata":{"operationMetadataId":"4a5b8abb-6ff0-4e86-a056-3b2c519af3be"},"type":"Switch"},"Initialize_variable-Contract_Draft_Attcahment":{"runAfter":{},"metadata":{"operationMetadataId":"23cf0a5e-94e2-4ada-9a1b-f2b20b4c759e"},"type":"InitializeVariable","inputs":{"variables":[{"name":"varTittle","type":"string"}]}},"Initialize_variable_-_Tender_ID":{"runAfter":{"Initialize_variable-Contract_Draft_Attcahment":["Succeeded"]},"metadata":{"operationMetadataId":"4cc1f358-f0e2-485b-8482-47d2dbcb6b35"},"type":"InitializeVariable","inputs":{"variables":[{"name":"varID","type":"string"}]}}}},"connectionReferences":{"shared_sharepointonline":{"connectionName":"2a33a87092974aa7bc14e5a23f07659c","source":"Invoker","id":"/providers/Microsoft.PowerApps/apis/shared_sharepointonline","tier":"NotSpecified"},"shared_sharepointonline_1":{"connectionName":"2a33a87092974aa7bc14e5a23f07659c","source":"Invoker","id":"/providers/Microsoft.PowerApps/apis/shared_sharepointonline","tier":"NotSpecified"}},"flowFailureAlertSubscribed":false,"isManaged":false}}