{"schemaVersion":"1.0","appDefinitionTemplate":{"id":"/providers/Microsoft.PowerApps/apps/","type":"Microsoft.PowerApps/apps","tags":{"primaryDeviceWidth":"1366","primaryDeviceHeight":"768","supportsPortrait":"true","supportsLandscape":"true","primaryFormFactor":"Tablet","showStatusBar":"true","publisherVersion":"3.24021.12","minimumRequiredApiVersion":"2.2.0","hasComponent":"true","hasUnlockedComponent":"true","isUnifiedRootApp":"false","sienaVersion":"20240220T093835Z-3.24021.12.0","offlineLargeFilesSupport":"false"},"properties":{"appVersion":"2024-02-20T09:38:35Z","lifeCycleId":"Published","createdByClientVersion":{"major":3,"minor":24021,"build":12,"revision":0,"majorRevision":0,"minorRevision":0},"minClientVersion":{"major":3,"minor":24021,"build":12,"revision":0,"majorRevision":0,"minorRevision":0},"backgroundColor":"RGBA(0,176,240,1)","backgroundImageUri":"/7361895966269117305/N7d145240-2923-4e55-ba47-f7e09da1c8cb-logoSmallFile","displayName":"KamoaAFC forms  model demo","description":"Vendor list added and configure in the Sole source","commitMessage":"","appUris":{"documentUri":{"value":"/7361895966269117305/N086160f1-c4dc-4ee1-878b-41e57193c1d6-document.msapp"},"imageUris":[],"additionalUris":[{"isSolutionAware":false,"value":"/7361895966269117305/Ne0727793-7081-40b5-83b9-f24c796ceaf5-identity.json"}]},"createdTime":"0001-01-01T00:00:00Z","lastModifiedTime":"0001-01-01T00:00:00Z","sharedGroupsCount":0,"sharedUsersCount":0,"connectionReferences":{"6f60d1a3-23f5-44e0-b140-e2cae087d7ed":{"id":"4722ceb6-0f32-4e19-a16c-3be98a0527d3","displayName":"SharePoint","iconUri":"https://connectoricons-prod.azureedge.net/releases/v1.0.1676/1.0.1676.3617/sharepointonline/icon.png","dataSources":["Contract form","IsManager","config","Sole Source Details","Supplier registration form","Approver List","Tender","Adjudication","Supplier Evalution","Suppliers Attachments","Technical Proposal","Commercial Proposal","Criteria","Criterial Commercial","Technical Overall Score","Subject Expert Matter's","Adjudication Committee","Commercial Overall Score","Overall Score Attachments","Memo Attachments","Term Sheet Attachments","Contract Draft Attachments","Final Draft Approvers","Contract Registry","Supplier Signature Doc","header-app","Contract_Status","Purchase Order Registry","Contract DOA Approvers","DOA_Cost Controller","DOA_Budget Holder","DOA_Head of Department","DOA_Adjudication Committee","DOA_Executive","DOA_Executive Finance","DOA_CFO Ivanhoe","DOA_CEO & COO jointly","DOA_Cost Controller_1","Ratification Document","Po Registry","Adjudication Register","Adjudication Registry","Amendment Memo","Amendment DOA Approvers","Final Amendment Memo","Amendment Supplier Signature Doc","Vendor","Contract Supplier PO","Mail Content","Contract Value"],"dependencies":[],"dependents":["cc7a4b46-5814-42ff-962c-6106bd905892","17f93aa5-aec0-4584-8236-8b240b9ffb84","abfd7186-cedf-48ec-a95a-295aad1d25fe","d6c310fa-8035-4dd5-813d-524585290843"],"parameterHints":{},"parameterHintsV2":{},"isOnPremiseConnection":false,"bypassConsent":false,"dataSets":{"https://altrocks1.sharepoint.com/sites/KAMOAAFC":{"dataSources":{"Contract form":{"tableName":"307b56f3-760d-4f6f-9881-5eec9d2d7deb"},"IsManager":{"tableName":"e7035d72-2d7f-460e-8790-e88e29cb9b32"},"config":{"tableName":"9255bfac-b9fc-4c17-898a-ad3f6c02867c"},"Sole Source Details":{"tableName":"a1416ea5-de95-4214-b4bb-8b0a241bd853"},"Supplier registration form":{"tableName":"89432626-fb61-4eeb-bf77-556fd195ce89"},"Approver List":{"tableName":"9ba18c11-ec8a-4a88-a502-9f0451c3da01"},"Tender":{"tableName":"232456c2-1a19-4bb5-9846-a009c1afaf95"},"Adjudication":{"tableName":"7a58baa0-1249-404e-8d7a-1f794ab38e42"},"Supplier Evalution":{"tableName":"415eea34-4844-4da2-b4b3-cfea6242dbfc"},"Suppliers Attachments":{"tableName":"50fecd9d-413e-4d72-9ef2-efb6a4dc6521"},"Technical Proposal":{"tableName":"5ed8ab7d-4d5f-4b2e-a891-3d19fa945fb0"},"Commercial Proposal":{"tableName":"74604ac5-b5ba-43ab-8d75-8187f283409e"},"Criteria":{"tableName":"d0d91256-99f7-494f-8594-a43771c6395f"},"Criterial Commercial":{"tableName":"1affcd80-f6ea-4e2b-85ec-495e2cdba9a1"},"Technical Overall Score":{"tableName":"53cf8cff-37db-4fb0-ba38-89db66845b2a"},"Subject Expert Matter's":{"tableName":"e102e164-12c4-47ad-b0bb-18b5ad3396be"},"Adjudication Committee":{"tableName":"0be48855-52eb-4591-bd68-139733b515a6"},"Commercial Overall Score":{"tableName":"ff4975bc-51fe-48a7-a67f-b80a1b3da41a"},"Overall Score Attachments":{"tableName":"704413b6-22e8-4a83-92da-1a83204719e0"},"Memo Attachments":{"tableName":"514a6d94-d20a-4cb3-baa1-7ba60232ac01"},"Term Sheet Attachments":{"tableName":"1205485a-2249-4d7b-bc1e-5e4d60b65070"},"Contract Draft Attachments":{"tableName":"589a0f18-1ae4-4219-b278-6156f2271cfc"},"Final Draft Approvers":{"tableName":"df9cb93e-42cb-42fe-b539-0006b5a9fa35"},"Contract Registry":{"tableName":"1648267c-53d0-4f00-a44e-ab7c7e05300b"},"Supplier Signature Doc":{"tableName":"48e48191-6a04-4394-8797-e0b782399ff1"},"Contract_Status":{"tableName":"e7266b1c-5c3b-4e98-9237-b534c7f9269f"},"Purchase Order Registry":{"tableName":"fd868362-9c8e-47ce-bf99-ed7667953957"},"Contract DOA Approvers":{"tableName":"979044b6-ad6a-426c-a4d7-66fdd0a56391"},"DOA_Cost Controller":{"tableName":"baac5d18-ce33-485a-9169-cb11d6d3da80"},"DOA_Budget Holder":{"tableName":"685f4ef2-497d-4a2c-9d1e-23e90ae7d235"},"DOA_Head of Department":{"tableName":"76e64395-b1ad-4ffa-924f-5029b0331adf"},"DOA_Adjudication Committee":{"tableName":"cdb6b4f0-a9bf-4baf-9469-b58b7022b102"},"DOA_Executive":{"tableName":"d74633c7-cf53-4390-8031-490b14a6ad55"},"DOA_Executive Finance":{"tableName":"d0f2a34c-2c3a-4471-a19f-5b1283b45034"},"DOA_CFO Ivanhoe":{"tableName":"6daf3186-ca50-44a0-bb0d-ad7cfab92947"},"DOA_CEO & COO jointly":{"tableName":"dc082d58-1d01-415c-8e00-c3bbc3148736"},"DOA_Cost Controller_1":{"tableName":"baac5d18-ce33-485a-9169-cb11d6d3da80"},"Ratification Document":{"tableName":"7139ef74-2482-4922-88f4-b4fc27d1b68f"},"Po Registry":{"tableName":"6e97e2c0-437f-4793-87b7-1192ae5adb7e"},"Adjudication Register":{"tableName":"60060432-2697-4533-a777-d97112401dde"},"Adjudication Registry":{"tableName":"04e9295f-59ae-436b-9c86-62ab9ab8a7fa"},"Amendment Memo":{"tableName":"98a45c55-8770-4423-87d0-eace167fc645"},"Amendment DOA Approvers":{"tableName":"51d727d1-b4a0-4168-a0ea-50db2a90dced"},"Final Amendment Memo":{"tableName":"59f41541-ca2e-4cdf-b633-821ba332445c"},"Amendment Supplier Signature Doc":{"tableName":"67b0d389-b6d5-4b75-8a07-dd834451105a"},"Vendor":{"tableName":"a3823f4e-7ca1-4de9-bc0b-4496ab759c14"},"Contract Supplier PO":{"tableName":"aca9fc3d-3c70-4dec-9771-5b4ee33f70cc"},"Mail Content":{"tableName":"04a10d1e-45e5-43d7-a582-3e6df54fdf91"},"Contract Value":{"tableName":"d16b8386-4f34-45fa-8a7b-f8bd3c91e5e1"}}},"https://altrocks1.sharepoint.com/sites/TermSheet":{"dataSources":{"header-app":{"tableName":"c24f528e-bee9-445f-b5f0-0bb4eaf81a99"}}}},"apiTier":"Standard","isCustomApiConnection":false,"actions":["providers/PowerPlatform.Governance/Operations/Read","providers/PowerPlatform.Governance/Operations/Write","providers/PowerPlatform.Governance/Operations/Delete"]},"8d98d860-61a7-40cc-b091-f2b1a74b25d5":{"id":"17af01bd-55f0-4d68-a2d7-c7bb1d0b5a57","displayName":"Office 365 Users","iconUri":"https://connectoricons-prod.azureedge.net/releases/v1.0.1672/1.0.1672.3545/office365users/icon.png","dataSources":["Office365Users"],"dependencies":[],"dependents":[],"parameterHints":{},"parameterHintsV2":{},"isOnPremiseConnection":false,"bypassConsent":false,"dataSets":{},"apiTier":"Standard","isCustomApiConnection":false,"actions":["SearchUser"]},"ea1e9051-29f0-4a46-86ef-ba36fa9424b0":{"id":"5eae0977-3c45-4227-b602-4584176fb5c3","displayName":"Office 365 Outlook","iconUri":"https://connectoricons-prod.azureedge.net/releases/v1.0.1676/1.0.1676.3617/office365/icon.png","dataSources":["Office365Outlook"],"dependencies":[],"dependents":["1fbaeed4-7345-4dd1-b540-9127eab45556","abfd7186-cedf-48ec-a95a-295aad1d25fe"],"parameterHints":{},"parameterHintsV2":{},"isOnPremiseConnection":false,"bypassConsent":false,"dataSets":{},"apiTier":"Standard","isCustomApiConnection":false,"actions":["SendEmail"]},"cc7a4b46-5814-42ff-962c-6106bd905892":{"id":"9229db65-d0de-4140-88fe-df603642848c","displayName":"Logic flows","iconUri":"https://connectoricons-prod.azureedge.net/releases/v1.0.1664/1.0.1664.3477/logicflows/icon.png","dataSources":["ContractManagementSystem|AllFilesCreations|Dev"],"dependencies":["6f60d1a3-23f5-44e0-b140-e2cae087d7ed"],"dependents":[],"parameterHints":{"workflowName":{"value":"7e3aec29-7b86-49e1-ab61-81b437164ac5"},"workflowEntityId":{},"6f60d1a3-23f5-44e0-b140-e2cae087d7ed":{"value":"shared_sharepointonline"}},"parameterHintsV2":{"workflowName":{"value":"7e3aec29-7b86-49e1-ab61-81b437164ac5"},"workflowEntityId":{},"shared_sharepointonline":{"value":"6f60d1a3-23f5-44e0-b140-e2cae087d7ed"}},"isOnPremiseConnection":false,"bypassConsent":false,"dataSets":{},"apiTier":"Standard","isCustomApiConnection":false,"actions":["Run"],"nestedActions":[{"id":"/providers/Microsoft.PowerApps/apis/shared_sharepointonline/apiOperations/GetItem","apiName":"SharePoint","actionName":"GetItem","referencedResources":[{"key":"site","value":"https://altrocks1.sharepoint.com/sites/KAMOAAFC"},{"key":"list","value":"[DYNAMIC_VALUE]"}]}]},"1fbaeed4-7345-4dd1-b540-9127eab45556":{"id":"9229db65-d0de-4140-88fe-df603642848c","displayName":"Logic flows","iconUri":"https://connectoricons-prod.azureedge.net/releases/v1.0.1664/1.0.1664.3477/logicflows/icon.png","dataSources":["Power-Action"],"dependencies":["ea1e9051-29f0-4a46-86ef-ba36fa9424b0"],"dependents":[],"parameterHints":{"workflowName":{"value":"63b34d04-d296-4da8-a7dd-0f9c6372d570"},"workflowEntityId":{},"ea1e9051-29f0-4a46-86ef-ba36fa9424b0":{"value":"shared_office365"}},"parameterHintsV2":{"workflowName":{"value":"63b34d04-d296-4da8-a7dd-0f9c6372d570"},"workflowEntityId":{},"shared_office365":{"value":"ea1e9051-29f0-4a46-86ef-ba36fa9424b0"}},"isOnPremiseConnection":false,"bypassConsent":false,"dataSets":{},"apiTier":"Standard","isCustomApiConnection":false,"actions":["Run"],"nestedActions":[{"id":"/providers/Microsoft.PowerApps/apis/shared_office365/apiOperations/SendEmailV2","apiName":"Office 365 Outlook","actionName":"SendEmailV2","referencedResources":[]}]},"17f93aa5-aec0-4584-8236-8b240b9ffb84":{"id":"9229db65-d0de-4140-88fe-df603642848c","displayName":"Logic flows","iconUri":"https://connectoricons-prod.azureedge.net/releases/v1.0.1664/1.0.1664.3477/logicflows/icon.png","dataSources":["ContractManagementSystem|AttachmentsSave|Dev"],"dependencies":["6f60d1a3-23f5-44e0-b140-e2cae087d7ed","6f60d1a3-23f5-44e0-b140-e2cae087d7ed"],"dependents":[],"parameterHints":{"workflowName":{"value":"933c36fa-5055-4d19-9157-649777377ea5"},"workflowEntityId":{},"6f60d1a3-23f5-44e0-b140-e2cae087d7ed":{"value":"shared_sharepointonline_1"}},"parameterHintsV2":{"workflowName":{"value":"933c36fa-5055-4d19-9157-649777377ea5"},"workflowEntityId":{},"shared_sharepointonline":{"value":"6f60d1a3-23f5-44e0-b140-e2cae087d7ed"},"shared_sharepointonline_1":{"value":"6f60d1a3-23f5-44e0-b140-e2cae087d7ed"}},"isOnPremiseConnection":false,"bypassConsent":false,"dataSets":{},"apiTier":"Standard","isCustomApiConnection":false,"actions":["Run"],"nestedActions":[{"id":"/providers/Microsoft.PowerApps/apis/shared_sharepointonline/apiOperations/GetItem","apiName":"SharePoint","actionName":"GetItem","referencedResources":[{"key":"site","value":"https://altrocks1.sharepoint.com/sites/KAMOAAFC"},{"key":"list","value":"50fecd9d-413e-4d72-9ef2-efb6a4dc6521"},{"key":"site","value":"https://altrocks1.sharepoint.com/sites/KAMOAAFC"},{"key":"list","value":"232456c2-1a19-4bb5-9846-a009c1afaf95"},{"key":"site","value":"https://altrocks1.sharepoint.com/sites/KAMOAAFC"},{"key":"list","value":"589a0f18-1ae4-4219-b278-6156f2271cfc"},{"key":"site","value":"https://altrocks1.sharepoint.com/sites/KAMOAAFC"},{"key":"list","value":"514a6d94-d20a-4cb3-baa1-7ba60232ac01"},{"key":"site","value":"https://altrocks1.sharepoint.com/sites/KAMOAAFC"},{"key":"list","value":"1205485a-2249-4d7b-bc1e-5e4d60b65070"},{"key":"site","value":"https://altrocks1.sharepoint.com/sites/KAMOAAFC"},{"key":"list","value":"48e48191-6a04-4394-8797-e0b782399ff1"},{"key":"site","value":"https://altrocks1.sharepoint.com/sites/KAMOAAFC"},{"key":"list","value":"7139ef74-2482-4922-88f4-b4fc27d1b68f"},{"key":"site","value":"https://altrocks1.sharepoint.com/sites/KAMOAAFC"},{"key":"list","value":"704413b6-22e8-4a83-92da-1a83204719e0"},{"key":"site","value":"https://altrocks1.sharepoint.com/sites/KAMOAAFC"},{"key":"list","value":"98a45c55-8770-4423-87d0-eace167fc645"},{"key":"site","value":"https://altrocks1.sharepoint.com/sites/KAMOAAFC"},{"key":"list","value":"67b0d389-b6d5-4b75-8a07-dd834451105a"},{"key":"site","value":"https://altrocks1.sharepoint.com/sites/KAMOAAFC"},{"key":"list","value":"59f41541-ca2e-4cdf-b633-821ba332445c"},{"key":"site","value":"https://altrocks1.sharepoint.com/sites/KAMOAAFC"},{"key":"list","value":"2bce37f5-ac5e-45da-af5d-d057d1a2975d"},{"key":"site","value":"https://altrocks1.sharepoint.com/sites/KAMOAAFC"},{"key":"list","value":"5da96709-9ad7-474b-b2d4-14d13dcdeb3b"},{"key":"site","value":"https://altrocks1.sharepoint.com/sites/KAMOAAFC"},{"key":"list","value":"84c138d3-028f-4373-aa2a-aada36a46315"},{"key":"site","value":"https://altrocks1.sharepoint.com/sites/KAMOAAFC"},{"key":"list","value":"f7dcf988-b016-4fe3-856a-36ead3e60bc6"}]},{"id":"/providers/Microsoft.PowerApps/apis/shared_sharepointonline/apiOperations/GetItemAttachments","apiName":"SharePoint","actionName":"GetItemAttachments","referencedResources":[{"key":"site","value":"https://altrocks1.sharepoint.com/sites/KAMOAAFC"},{"key":"list","value":"50fecd9d-413e-4d72-9ef2-efb6a4dc6521"},{"key":"site","value":"https://altrocks1.sharepoint.com/sites/KAMOAAFC"},{"key":"list","value":"232456c2-1a19-4bb5-9846-a009c1afaf95"},{"key":"site","value":"https://altrocks1.sharepoint.com/sites/KAMOAAFC"},{"key":"list","value":"589a0f18-1ae4-4219-b278-6156f2271cfc"},{"key":"site","value":"https://altrocks1.sharepoint.com/sites/KAMOAAFC"},{"key":"list","value":"514a6d94-d20a-4cb3-baa1-7ba60232ac01"},{"key":"site","value":"https://altrocks1.sharepoint.com/sites/KAMOAAFC"},{"key":"list","value":"1205485a-2249-4d7b-bc1e-5e4d60b65070"},{"key":"site","value":"https://altrocks1.sharepoint.com/sites/KAMOAAFC"},{"key":"list","value":"48e48191-6a04-4394-8797-e0b782399ff1"},{"key":"site","value":"https://altrocks1.sharepoint.com/sites/KAMOAAFC"},{"key":"list","value":"7139ef74-2482-4922-88f4-b4fc27d1b68f"},{"key":"site","value":"https://altrocks1.sharepoint.com/sites/KAMOAAFC"},{"key":"list","value":"704413b6-22e8-4a83-92da-1a83204719e0"},{"key":"site","value":"https://altrocks1.sharepoint.com/sites/KAMOAAFC"},{"key":"list","value":"98a45c55-8770-4423-87d0-eace167fc645"},{"key":"site","value":"https://altrocks1.sharepoint.com/sites/KAMOAAFC"},{"key":"list","value":"67b0d389-b6d5-4b75-8a07-dd834451105a"},{"key":"site","value":"https://altrocks1.sharepoint.com/sites/KAMOAAFC"},{"key":"list","value":"59f41541-ca2e-4cdf-b633-821ba332445c"},{"key":"site","value":"https://altrocks1.sharepoint.com/sites/KAMOAAFC"},{"key":"list","value":"2bce37f5-ac5e-45da-af5d-d057d1a2975d"},{"key":"site","value":"https://altrocks1.sharepoint.com/sites/KAMOAAFC"},{"key":"list","value":"5da96709-9ad7-474b-b2d4-14d13dcdeb3b"},{"key":"site","value":"https://altrocks1.sharepoint.com/sites/KAMOAAFC"},{"key":"list","value":"84c138d3-028f-4373-aa2a-aada36a46315"},{"key":"site","value":"https://altrocks1.sharepoint.com/sites/KAMOAAFC"},{"key":"list","value":"f7dcf988-b016-4fe3-856a-36ead3e60bc6"}]},{"id":"/providers/Microsoft.PowerApps/apis/shared_sharepointonline/apiOperations/GetAttachmentContent","apiName":"SharePoint","actionName":"GetAttachmentContent","referencedResources":[{"key":"site","value":"https://altrocks1.sharepoint.com/sites/KAMOAAFC"},{"key":"list","value":"50fecd9d-413e-4d72-9ef2-efb6a4dc6521"},{"key":"site","value":"https://altrocks1.sharepoint.com/sites/KAMOAAFC"},{"key":"list","value":"232456c2-1a19-4bb5-9846-a009c1afaf95"},{"key":"site","value":"https://altrocks1.sharepoint.com/sites/KAMOAAFC"},{"key":"list","value":"589a0f18-1ae4-4219-b278-6156f2271cfc"},{"key":"site","value":"https://altrocks1.sharepoint.com/sites/KAMOAAFC"},{"key":"list","value":"514a6d94-d20a-4cb3-baa1-7ba60232ac01"},{"key":"site","value":"https://altrocks1.sharepoint.com/sites/KAMOAAFC"},{"key":"list","value":"1205485a-2249-4d7b-bc1e-5e4d60b65070"},{"key":"site","value":"https://altrocks1.sharepoint.com/sites/KAMOAAFC"},{"key":"list","value":"48e48191-6a04-4394-8797-e0b782399ff1"},{"key":"site","value":"https://altrocks1.sharepoint.com/sites/KAMOAAFC"},{"key":"list","value":"7139ef74-2482-4922-88f4-b4fc27d1b68f"},{"key":"site","value":"https://altrocks1.sharepoint.com/sites/KAMOAAFC"},{"key":"list","value":"704413b6-22e8-4a83-92da-1a83204719e0"},{"key":"site","value":"https://altrocks1.sharepoint.com/sites/KAMOAAFC"},{"key":"list","value":"98a45c55-8770-4423-87d0-eace167fc645"},{"key":"site","value":"https://altrocks1.sharepoint.com/sites/KAMOAAFC"},{"key":"list","value":"67b0d389-b6d5-4b75-8a07-dd834451105a"},{"key":"site","value":"https://altrocks1.sharepoint.com/sites/KAMOAAFC"},{"key":"list","value":"59f41541-ca2e-4cdf-b633-821ba332445c"},{"key":"site","value":"https://altrocks1.sharepoint.com/sites/KAMOAAFC"},{"key":"list","value":"2bce37f5-ac5e-45da-af5d-d057d1a2975d"},{"key":"site","value":"https://altrocks1.sharepoint.com/sites/KAMOAAFC"},{"key":"list","value":"5da96709-9ad7-474b-b2d4-14d13dcdeb3b"},{"key":"site","value":"https://altrocks1.sharepoint.com/sites/KAMOAAFC"},{"key":"list","value":"84c138d3-028f-4373-aa2a-aada36a46315"},{"key":"site","value":"https://altrocks1.sharepoint.com/sites/KAMOAAFC"},{"key":"list","value":"f7dcf988-b016-4fe3-856a-36ead3e60bc6"}]},{"id":"/providers/Microsoft.PowerApps/apis/shared_sharepointonline/apiOperations/CreateFile","apiName":"SharePoint","actionName":"CreateFile","referencedResources":[{"key":"site","value":"https://altrocks1.sharepoint.com/sites/KAMOAAFC"}]}]},"abfd7186-cedf-48ec-a95a-295aad1d25fe":{"id":"9229db65-d0de-4140-88fe-df603642848c","displayName":"Logic flows","iconUri":"https://connectoricons-prod.azureedge.net/releases/v1.0.1664/1.0.1664.3477/logicflows/icon.png","dataSources":["ContractManagementSystem|OverallScoreExporttoExcel|Dev"],"dependencies":["6f60d1a3-23f5-44e0-b140-e2cae087d7ed","6f60d1a3-23f5-44e0-b140-e2cae087d7ed","d4f52afb-8e24-48f0-aea5-80f93d36b4bb","ea1e9051-29f0-4a46-86ef-ba36fa9424b0"],"dependents":[],"parameterHints":{"workflowName":{"value":"4c8a5a06-05bc-4b75-b2e8-3979620e7f8f"},"workflowEntityId":{},"workflowDisplayName":{"value":"Contract Management System | Overall Score Export to Excel | Dev"},"6f60d1a3-23f5-44e0-b140-e2cae087d7ed":{"value":"shared_sharepointonline_1"},"d4f52afb-8e24-48f0-aea5-80f93d36b4bb":{"value":"shared_excelonlinebusiness"},"ea1e9051-29f0-4a46-86ef-ba36fa9424b0":{"value":"shared_office365"}},"parameterHintsV2":{"workflowName":{"value":"4c8a5a06-05bc-4b75-b2e8-3979620e7f8f"},"workflowEntityId":{},"workflowDisplayName":{"value":"Contract Management System | Overall Score Export to Excel | Dev"},"shared_sharepointonline":{"value":"6f60d1a3-23f5-44e0-b140-e2cae087d7ed"},"shared_sharepointonline_1":{"value":"6f60d1a3-23f5-44e0-b140-e2cae087d7ed"},"shared_excelonlinebusiness":{"value":"d4f52afb-8e24-48f0-aea5-80f93d36b4bb"},"shared_office365":{"value":"ea1e9051-29f0-4a46-86ef-ba36fa9424b0"}},"isOnPremiseConnection":false,"bypassConsent":false,"dataSets":{},"apiTier":"Standard","isCustomApiConnection":false,"actions":["Run"],"nestedActions":[{"id":"/providers/Microsoft.PowerApps/apis/shared_sharepointonline/apiOperations/GetItems","apiName":"SharePoint","actionName":"GetItems","referencedResources":[{"key":"site","value":"https://altrocks1.sharepoint.com/sites/KAMOAAFC"},{"key":"list","value":"89432626-fb61-4eeb-bf77-556fd195ce89"},{"key":"site","value":"https://altrocks1.sharepoint.com/sites/KAMOAAFC"},{"key":"list","value":"74604ac5-b5ba-43ab-8d75-8187f283409e"},{"key":"site","value":"https://altrocks1.sharepoint.com/sites/KAMOAAFC"},{"key":"list","value":"ff4975bc-51fe-48a7-a67f-b80a1b3da41a"},{"key":"site","value":"https://altrocks1.sharepoint.com/sites/KAMOAAFC"},{"key":"list","value":"5ed8ab7d-4d5f-4b2e-a891-3d19fa945fb0"},{"key":"site","value":"https://altrocks1.sharepoint.com/sites/KAMOAAFC"},{"key":"list","value":"53cf8cff-37db-4fb0-ba38-89db66845b2a"}]},{"id":"/providers/Microsoft.PowerApps/apis/shared_sharepointonline/apiOperations/GetItem","apiName":"SharePoint","actionName":"GetItem","referencedResources":[{"key":"site","value":"https://altrocks1.sharepoint.com/sites/KAMOAAFC"},{"key":"list","value":"307b56f3-760d-4f6f-9881-5eec9d2d7deb"}]},{"id":"/providers/Microsoft.PowerApps/apis/shared_office365/apiOperations/SendEmailV2","apiName":"Office 365 Outlook","actionName":"SendEmailV2","referencedResources":[]},{"id":"/providers/Microsoft.PowerApps/apis/shared_sharepointonline/apiOperations/GetFileContent","apiName":"SharePoint","actionName":"GetFileContent","referencedResources":[{"key":"site","value":"https://altrocks1.sharepoint.com/sites/KAMOAAFC"}]},{"id":"/providers/Microsoft.PowerApps/apis/shared_sharepointonline/apiOperations/GetFileItem","apiName":"SharePoint","actionName":"GetFileItem","referencedResources":[{"key":"site","value":"https://altrocks1.sharepoint.com/sites/KAMOAAFC"},{"key":"list","value":"910080c8-8b29-4a68-91d1-eaa19f73f549"}]},{"id":"/providers/Microsoft.PowerApps/apis/shared_sharepointonline/apiOperations/CreateFile","apiName":"SharePoint","actionName":"CreateFile","referencedResources":[{"key":"site","value":"https://altrocks1.sharepoint.com/sites/KAMOAAFC"}]},{"id":"/providers/Microsoft.PowerApps/apis/shared_sharepointonline/apiOperations/PatchFileItem","apiName":"SharePoint","actionName":"PatchFileItem","referencedResources":[{"key":"site","value":"https://altrocks1.sharepoint.com/sites/KAMOAAFC"},{"key":"list","value":"910080c8-8b29-4a68-91d1-eaa19f73f549"}]},{"id":"/providers/Microsoft.PowerApps/apis/shared_excelonlinebusiness/apiOperations/CreateTable","apiName":"Excel Online (Business)","actionName":"CreateTable","referencedResources":[{"key":"fileId","value":"b!xrHYO__rdUKxR-bQJFY6qa_znXKNeSVHjsG6S2FAo0vIgACRKYtoSpHR6qGfc_VJ/@outputs('Create_file_2')?['body/Id']"}]},{"id":"/providers/Microsoft.PowerApps/apis/shared_excelonlinebusiness/apiOperations/AddRowV2","apiName":"Excel Online (Business)","actionName":"AddRowV2","referencedResources":[{"key":"fileId","value":"b!xrHYO__rdUKxR-bQJFY6qa_znXKNeSVHjsG6S2FAo0vIgACRKYtoSpHR6qGfc_VJ/@outputs('Create_file_2')?['body/Id']"},{"key":"table","value":"@outputs('Create_table_2')?['body/name']"}]}]},"d4f52afb-8e24-48f0-aea5-80f93d36b4bb":{"id":"6bb80b61-5167-4835-9d23-35cc60ef9d56","displayName":"Excel Online (Business)","iconUri":"https://connectoricons-prod.azureedge.net/releases/v1.0.1658/1.0.1658.3452/excelonlinebusiness/icon.png","dataSources":[],"dependencies":[],"dependents":["abfd7186-cedf-48ec-a95a-295aad1d25fe"],"parameterHints":{},"parameterHintsV2":{},"isOnPremiseConnection":false,"bypassConsent":false,"dataSets":{},"apiTier":"Standard","isCustomApiConnection":false},"d6c310fa-8035-4dd5-813d-524585290843":{"id":"9229db65-d0de-4140-88fe-df603642848c","displayName":"Logic flows","iconUri":"https://connectoricons-prod.azureedge.net/releases/v1.0.1664/1.0.1664.3477/logicflows/icon.png","dataSources":["ContractManagementSystem|OverallScoreExcelDownload|Dev"],"dependencies":["6f60d1a3-23f5-44e0-b140-e2cae087d7ed"],"dependents":[],"parameterHints":{"workflowName":{"value":"9c7a9768-2691-4196-986f-5ab3d8681962"},"workflowEntityId":{},"workflowDisplayName":{"value":"Contract Management System | Overall Score Excel Download | Dev"},"6f60d1a3-23f5-44e0-b140-e2cae087d7ed":{"value":"shared_sharepointonline"}},"parameterHintsV2":{"workflowName":{"value":"9c7a9768-2691-4196-986f-5ab3d8681962"},"workflowEntityId":{},"workflowDisplayName":{"value":"Contract Management System | Overall Score Excel Download | Dev"},"shared_sharepointonline":{"value":"6f60d1a3-23f5-44e0-b140-e2cae087d7ed"}},"isOnPremiseConnection":false,"bypassConsent":false,"dataSets":{},"apiTier":"Standard","isCustomApiConnection":false,"actions":["Run"],"nestedActions":[{"id":"/providers/Microsoft.PowerApps/apis/shared_sharepointonline/apiOperations/GetFileItems","apiName":"SharePoint","actionName":"GetFileItems","referencedResources":[{"key":"site","value":"https://altrocks1.sharepoint.com/sites/KAMOAAFC"},{"key":"list","value":"910080c8-8b29-4a68-91d1-eaa19f73f549"}]},{"id":"/providers/Microsoft.PowerApps/apis/shared_sharepointonline/apiOperations/GetFileContent","apiName":"SharePoint","actionName":"GetFileContent","referencedResources":[{"key":"site","value":"https://altrocks1.sharepoint.com/sites/KAMOAAFC"}]}]}},"databaseReferences":{"default.cds":{"databaseDetails":{"referenceType":"Environmental","environmentName":"default.cds","overrideValues":{"status":"NotSpecified","environmentVariableName":""}},"dataSources":{"SharePoint Sites":{"entitySetName":"sharepointsites","logicalName":"sharepointsite","isHidden":false}}}},"almMode":"Environment","performanceOptimizationEnabled":true,"canConsumeAppPass":false,"enableModernRuntimeMode":false,"executionRestrictions":{"isTeamsOnly":false,"dataLossPreventionEvaluationResult":{"status":"Compliant","lastEvaluationDate":"2024-02-20T09:48:08.5532861Z","violations":[],"violationsByPolicy":[],"violationErrorMessage":"The app uses the following connectors: shared_sharepointonline, shared_office365users, shared_office365, shared_logicflows, shared_excelonlinebusiness, shared_commondataservice."},"httpActionRestriction":{"appUsesSharepointHttpAction":false,"enforcementStrategy":"Legacy","evaluationTime":"2024-02-20T09:48:08.5529108Z"}}},"appType":"ClassicCanvasApp","appComponents":[]}}