{"name":"bcd0bc16-68f6-4522-a12f-5e2a19f86500","id":"/providers/Microsoft.Flow/flows/bcd0bc16-68f6-4522-a12f-5e2a19f86500","type":"Microsoft.Flow/flows","properties":{"apiId":"/providers/Microsoft.PowerApps/apis/shared_logicflows","displayName":"Contract Management System | All Files Creations | Dev","definition":{"metadata":{"workflowEntityId":null,"processAdvisorMetadata":null,"flowChargedByPaygo":null,"flowclientsuspensionreason":"AllActionsFailingDetected","flowclientsuspensiontime":"2023-11-22T22:22:39.1042174Z","flowclientsuspensionreasondetails":"Your flow has failed consistently for 14 days. We disabled it on 11/22/2023 10:22:38 PM.","creator":{"id":"7add4fc3-a7e3-4b1c-9b97-5f7a965ad4f3","type":"User","tenantId":"fd0f42ac-7bf0-471b-a9f0-5d5901a847f2"},"provisioningMethod":"FromDefinition","failureAlertSubscription":true,"clientLastModifiedTime":"2023-11-03T16:04:32.8538781Z","connectionKeySavedTimeKey":"2023-11-03T16:04:32.8538781Z"},"$schema":"https://schema.management.azure.com/providers/Microsoft.Logic/schemas/2016-06-01/workflowdefinition.json#","contentVersion":"1.0.0.0","parameters":{"$connections":{"defaultValue":{},"type":"Object"},"$authentication":{"defaultValue":{},"type":"SecureObject"}},"triggers":{"manual":{"metadata":{"operationMetadataId":"4171dc59-4bb6-479c-91d0-8021184fe84c"},"type":"Request","kind":"PowerAppV2","inputs":{"schema":{"type":"object","properties":{"text":{"title":"ID","type":"string","x-ms-dynamically-added":true,"description":"Please enter your input","x-ms-content-hint":"TEXT"},"text_1":{"title":"ListName","type":"string","x-ms-dynamically-added":true,"description":"Please enter your input","x-ms-content-hint":"TEXT"},"text_2":{"title":"ContractID","type":"string","x-ms-dynamically-added":true,"description":"Please enter your input","x-ms-content-hint":"TEXT"}},"required":["text","text_1","text_2"]}}}},"actions":{"Get_item":{"runAfter":{"Compose_-_ID":["Succeeded"]},"metadata":{"operationMetadataId":"a2dd9df1-3143-4b57-8263-23df11f58905"},"type":"OpenApiConnection","inputs":{"host":{"apiId":"/providers/Microsoft.PowerApps/apis/shared_sharepointonline","connectionName":"shared_sharepointonline","operationId":"GetItem"},"parameters":{"dataset":"https://altrocks1.sharepoint.com/sites/KAMOAAFC","table":"@triggerBody()['text_1']","id":"@outputs('Compose_-_ID')"},"authentication":{"value":"@json(decodeBase64(triggerOutputs().headers['X-MS-APIM-Tokens']))['$ConnectionKey']","type":"Raw"}}},"Compose_-_ID":{"runAfter":{},"metadata":{"operationMetadataId":"ae295e06-8b0d-47f5-9491-b4983808ab99"},"type":"Compose","inputs":"@triggerBody()['text']"}}},"connectionReferences":{"shared_sharepointonline":{"connectionName":"84ca8182c9b145d09c58499171490989","source":"Invoker","id":"/providers/Microsoft.PowerApps/apis/shared_sharepointonline","tier":"NotSpecified"}},"flowFailureAlertSubscribed":false,"isManaged":false}}