{"name":"d449d446-0cfc-4f3a-9157-85c15eb42198","id":"/providers/Microsoft.Flow/flows/d449d446-0cfc-4f3a-9157-85c15eb42198","type":"Microsoft.Flow/flows","properties":{"apiId":"/providers/Microsoft.PowerApps/apis/shared_logicflows","displayName":"Contract Management System | Amendment | Dev","definition":{"metadata":{"workflowEntityId":null,"processAdvisorMetadata":null,"flowChargedByPaygo":null,"flowclientsuspensionreason":"None","flowclientsuspensiontime":null,"flowclientsuspensionreasondetails":null,"creator":{"id":"27fcb5ca-e9c8-4b82-bd9d-31829894d620","type":"User","tenantId":"fd0f42ac-7bf0-471b-a9f0-5d5901a847f2"},"provisioningMethod":"FromDefinition","failureAlertSubscription":true,"clientLastModifiedTime":"2024-02-19T04:19:26.1943053Z","connectionKeySavedTimeKey":"2024-02-19T04:19:26.1943053Z"},"$schema":"https://schema.management.azure.com/providers/Microsoft.Logic/schemas/2016-06-01/workflowdefinition.json#","contentVersion":"1.0.0.0","parameters":{"$connections":{"defaultValue":{},"type":"Object"},"$authentication":{"defaultValue":{},"type":"SecureObject"}},"triggers":{"When_an_item_is_created_or_modified":{"recurrence":{"frequency":"Minute","interval":3},"splitOn":"@triggerOutputs()?['body/value']","metadata":{"operationMetadataId":"902670e0-2779-40d7-a9b9-c0ad496a7240"},"type":"OpenApiConnection","inputs":{"host":{"apiId":"/providers/Microsoft.PowerApps/apis/shared_sharepointonline","connectionName":"shared_sharepointonline","operationId":"GetOnUpdatedItems"},"parameters":{"dataset":"https://altrocks1.sharepoint.com/sites/KAMOAAFC","table":"307b56f3-760d-4f6f-9881-5eec9d2d7deb"},"authentication":"@parameters('$authentication')"},"conditions":[{"expression":"@equals(triggerOutputs()?['body/CurrentWorkflowIS/Value'],'Amendment')"}]}},"actions":{"Initialize_variable_-_UID_Creation":{"runAfter":{},"metadata":{"operationMetadataId":"cedde8af-50db-4024-87c9-6b2d557bab63"},"type":"InitializeVariable","inputs":{"variables":[{"name":"ID","type":"string","value":"1013-KCSA-CMS-00@{triggerOutputs()?['body/ID']}"}]}},"Initialize_variable_-_Link_to_Item":{"runAfter":{"Initialize_variable_-_UID_Creation":["Succeeded"]},"metadata":{"operationMetadataId":"c1958655-e746-49c2-8bfb-1b46eb7e86de"},"type":"InitializeVariable","inputs":{"variables":[{"name":"varLinktoItem","type":"string","value":"https://apps.powerapps.com/play/e/default-fd0f42ac-7bf0-471b-a9f0-5d5901a847f2/a/546ccafa-78a2-430e-8549-28804c0e08e1?tenantId=fd0f42ac-7bf0-471b-a9f0-5d5901a847f2&source=portal&hidenavbar=true&Status=@{triggerOutputs()?['body/Status/Value']}&ID=@{triggerOutputs()?['body/ID']}"}]}},"Switch_-_Status":{"runAfter":{"Initialize_variable_-_varCurrentContractDOAsEmails":["Succeeded"]},"cases":{"Case_-_Amendment_Pending_HOD_Approval":{"case":"Amendment - Pending HOD Approval","actions":{"Send_an_email_(V2)_-_Amendment_Pending_HOD_Notify":{"runAfter":{},"metadata":{"operationMetadataId":"6e12fe24-3937-4351-9a21-7e021885c751"},"type":"OpenApiConnection","inputs":{"host":{"apiId":"/providers/Microsoft.PowerApps/apis/shared_office365","connectionName":"shared_office365_1","operationId":"SendEmailV2"},"parameters":{"emailMessage/To":"@{triggerOutputs()?['body/HODEmail']};","emailMessage/Subject":"CMS | Request for Amendment HOD Approval - Contract ID -@{variables('ID')}","emailMessage/Body":"<p></p>Hi @{triggerOutputs()?['body/HOD']},<br>\n<br>\nA New Amendment Contract Management System Request has been Created. Kindly check and Approve or Reject.<br>\n<br>\nContract Reference No : @{variables('ID')}<br>\nCost Code : @{triggerOutputs()?['body/CostCode/Value']}<br>\nBudget Availability(USD) : @{triggerOutputs()?['body/BudgetAvailability_x0028_USD_x00/Value']}<br>\nSOW : @{triggerOutputs()?['body/SOW']}<br>\nContract Created By : @{triggerOutputs()?['body/Nameofuser/DisplayName']}<br>\n<br><br>\nLink : <a href=\"@{variables('varLinktoItem')}\">View item</a><br><br>\nThanks!,<br>\nCMS Admin","emailMessage/Importance":"Normal"},"authentication":"@parameters('$authentication')"}},"Send_an_email_(V2)_-_End_User_Email":{"runAfter":{"Send_an_email_(V2)_-_Amendment_Pending_HOD_Notify":["Succeeded"]},"metadata":{"operationMetadataId":"e458996a-e142-49ec-9573-5f66d5c1cd60"},"type":"OpenApiConnection","inputs":{"host":{"apiId":"/providers/Microsoft.PowerApps/apis/shared_office365","connectionName":"shared_office365_1","operationId":"SendEmailV2"},"parameters":{"emailMessage/To":"@{triggerOutputs()?['body/Email']};","emailMessage/Subject":"CMS | Request Contract Amendment is Initiated - Contract ID -@{variables('ID')}","emailMessage/Body":"<p></p>Hi @{triggerOutputs()?['body/Nameofuser/DisplayName']},<br>\n<br>\nA New Amendment is Initiated for belwo Contract.\n<br>\nContract Reference No : @{variables('ID')}<br>\nCost Code : @{triggerOutputs()?['body/CostCode/Value']}<br>\nBudget Availability(USD) : @{triggerOutputs()?['body/BudgetAvailability_x0028_USD_x00/Value']}<br>\nSOW : @{triggerOutputs()?['body/SOW']}<br>\nContract Created By : @{triggerOutputs()?['body/Nameofuser/DisplayName']}<br>\n<br><br>\nLink : <a href=\"@{variables('varLinktoItem')}\">View item</a><br><br>\n\nThanks!,<br>\nCMS Admin","emailMessage/Importance":"Normal"},"authentication":"@parameters('$authentication')"}}}},"Case_-_Amendment_Pending_MAD_Approval":{"case":"Amendment - Pending MAD Approval","actions":{"Get_items_-_Amendment_-_Pending_MAD_Approval_Details":{"runAfter":{},"metadata":{"operationMetadataId":"6d87cafc-698a-4ce4-8829-362ac16df783"},"type":"OpenApiConnection","inputs":{"host":{"apiId":"/providers/Microsoft.PowerApps/apis/shared_sharepointonline","connectionName":"shared_sharepointonline","operationId":"GetItems"},"parameters":{"dataset":"https://altrocks1.sharepoint.com/sites/KAMOAAFC","table":"9ba18c11-ec8a-4a88-a502-9f0451c3da01","$filter":"Title eq 'Pending MAD Approval'"},"authentication":"@parameters('$authentication')"}},"Apply_to_each":{"foreach":"@outputs('Get_items_-_Amendment_-_Pending_MAD_Approval_Details')?['body/value']","actions":{"Set_variable_-_MAD_Email":{"runAfter":{},"metadata":{"operationMetadataId":"9cac89c5-c935-4300-a7e4-c458964ce23b"},"type":"SetVariable","inputs":{"name":"varMADEmail","value":"@items('Apply_to_each')?['User/Email']"}},"Set_variable_-_MAD_DisplayName":{"runAfter":{"Set_variable_-_MAD_Email":["Succeeded"]},"metadata":{"operationMetadataId":"4bfab981-22c4-4e7d-9723-3ee69a02995f"},"type":"SetVariable","inputs":{"name":"varMADDisplyName","value":"@items('Apply_to_each')?['User/DisplayName']"}}},"runAfter":{"Get_items_-_Amendment_-_Pending_MAD_Approval_Details":["Succeeded"]},"metadata":{"operationMetadataId":"3cb5b2cc-e952-4054-9267-7e9197b7d9dc"},"type":"Foreach"},"Send_an_email_(V2)_-_Pending_MAD_Notify":{"runAfter":{"Apply_to_each":["Succeeded"]},"metadata":{"operationMetadataId":"602260d6-e314-4789-8470-22b2c5019b35"},"type":"OpenApiConnection","inputs":{"host":{"apiId":"/providers/Microsoft.PowerApps/apis/shared_office365","connectionName":"shared_office365_1","operationId":"SendEmailV2"},"parameters":{"emailMessage/To":"@{variables('varMADEmail')};","emailMessage/Subject":"CMS | Request for Amendment MAD Approval - Contract ID -@{variables('ID')}","emailMessage/Body":"<p></p>Hi ,@{variables('varMADDisplyName')}<br>\n<br>\nA New Amendment Contract Management System Request has been Created. Kindly check and Approve or Reject.<br>\n\n<br>@{variables('varSupplierCompany')}\nContract Reference No : @{variables('ID')}<br>\nCost Code : @{triggerOutputs()?['body/CostCode/Value']}<br>\nBudget Availability(USD) : @{triggerOutputs()?['body/BudgetAvailability_x0028_USD_x00/Value']}<br>\nSOW : @{triggerOutputs()?['body/SOW']}<br>\nContract Created By : @{triggerOutputs()?['body/Nameofuser/DisplayName']}<br>\n<br><br>\nLink : <a href=\"@{variables('varLinktoItem')}\">View item</a><br><br>\n\nThanks!,<br>\nCMS Admin","emailMessage/Importance":"Normal"},"authentication":"@parameters('$authentication')"}}}},"Case_-_Amendment_Pending_Requester":{"case":"Amendment - Pending Requester","actions":{"Send_an_email_(V2)_-_Amendment_-_Pending_Requester_Notify_":{"runAfter":{},"metadata":{"operationMetadataId":"56e6e6a4-bf4c-4278-b2ce-b807e7974240"},"type":"OpenApiConnection","inputs":{"host":{"apiId":"/providers/Microsoft.PowerApps/apis/shared_office365","connectionName":"shared_office365_1","operationId":"SendEmailV2"},"parameters":{"emailMessage/To":"@{triggerOutputs()?['body/Author/Email']};@{triggerOutputs()?['body/Email']};","emailMessage/Subject":"CMS | Amendment Request has been Rejected- Contract ID -@{variables('ID')}","emailMessage/Body":"<p></p>Hi @{triggerOutputs()?['body/Nameofuser/DisplayName']},<br>\n<br>\nRequest Amendment Contract Management System Request has been Rejected. Please check and reivew.<br>\n<br>\n\nKindly find the below details future use,<br>\n<br>\nContract Reference No : @{triggerOutputs()?['body/UID']}<br>\nCost Code : @{triggerOutputs()?['body/CostCode/Value']}<br>\nBudget Availability(USD) : &nbsp;@{triggerOutputs()?['body/BudgetAvailability_x0028_USD_x00/Value']}<br>\nSOW : @{triggerOutputs()?['body/SOW']}<br>\n<br>\n<br>\nLink : <a href=\"@{variables('varLinktoItem')}\">View item</a><br>\n<br>\n<br>\nThanks!,<br>\nCMS Admin","emailMessage/Importance":"Normal"},"authentication":"@parameters('$authentication')"}}}},"Case_-_Amendment_-_Pending_Draft_Contract":{"case":"Amendment - Pending Draft Contract","actions":{"Condition_-_Amendment-_Legal_Draft_Routed":{"actions":{"Get_items_-_From_AprroverList_For_Draft_Contract_":{"runAfter":{},"metadata":{"operationMetadataId":"2a254de7-e415-4028-947b-10e4cc94285b"},"type":"OpenApiConnection","inputs":{"host":{"apiId":"/providers/Microsoft.PowerApps/apis/shared_sharepointonline","connectionName":"shared_sharepointonline_2","operationId":"GetItems"},"parameters":{"dataset":"https://altrocks1.sharepoint.com/sites/KAMOAAFC","table":"9ba18c11-ec8a-4a88-a502-9f0451c3da01","$filter":"Title eq 'Pending Legal Draft Contract'"},"authentication":"@parameters('$authentication')"}},"Send_an_email_-_Amendment-Legal_Draft_Routed_Notify":{"runAfter":{"Apply_to_each_-_Approver_name_and_Email":["Succeeded"]},"metadata":{"operationMetadataId":"be1fd0be-a43e-4bf6-a611-406bcab53e62"},"type":"OpenApiConnection","inputs":{"host":{"apiId":"/providers/Microsoft.PowerApps/apis/shared_office365","connectionName":"shared_office365","operationId":"SendEmailV2"},"parameters":{"emailMessage/To":"@{triggerOutputs()?['body/SPOC/Email']};","emailMessage/Subject":"CMS | Request for Update Draft Contract | Contract ID - @{variables('ID')}","emailMessage/Body":"<p></p>Hi @{triggerOutputs()?['body/SPOC/DisplayName']},<br>\n<br>\nRequest to Update Draft Contract from Legal Department. Please Update and Move further.<br>\n<br><br>\nRequester : @{variables('varLegalDraffDisplayName')}<br>\nRequester Email : @{variables('varLegalDraftMail')}<br>\nRequester Comment : @{triggerOutputs()?['body/LegalComments']}<br>\n<br><br>\nContract Reference No : @{variables('ID')}<br>\nCost Code : @{triggerOutputs()?['body/CostCode/Value']}<br>\nBudget Availability(USD) : @{triggerOutputs()?['body/BudgetAvailability_x0028_USD_x00/Value']}<br>\nSOW : @{triggerOutputs()?['body/SOW']}<br>\nContract Created By : @{triggerOutputs()?['body/Nameofuser/DisplayName']}<br>\n<br>\nLink : <a href=\"@{variables('varLinktoItem')}\">View item</a><br><br>\n\nThanks!,<br>\nCMS Admin","emailMessage/Importance":"Normal"},"authentication":"@parameters('$authentication')"}},"Apply_to_each_-_Approver_name_and_Email":{"foreach":"@outputs('Get_items_-_From_AprroverList_For_Draft_Contract_')?['body/value']","actions":{"Set_variable_-_DisplayName":{"runAfter":{},"metadata":{"operationMetadataId":"9339b4d8-df9d-4cec-a6e8-9eeb9f7d56c3"},"type":"SetVariable","inputs":{"name":"varLegalDraffDisplayName","value":"@items('Apply_to_each_-_Approver_name_and_Email')?['User/DisplayName']"}},"Set_variable_-_Email":{"runAfter":{"Set_variable_-_DisplayName":["Succeeded"]},"metadata":{"operationMetadataId":"b671c1f3-2c88-47db-a853-5aa5658e4416"},"type":"SetVariable","inputs":{"name":"varLegalDraftMail","value":"@items('Apply_to_each_-_Approver_name_and_Email')?['User/Email']"}}},"runAfter":{"Get_items_-_From_AprroverList_For_Draft_Contract_":["Succeeded"]},"metadata":{"operationMetadataId":"37ddf4d6-7df6-4532-8d4d-9d110d96ac05"},"type":"Foreach"}},"runAfter":{},"else":{"actions":{"Send_an_email__-_Create_Draft_Contract_-_Amendment_Notify":{"runAfter":{},"metadata":{"operationMetadataId":"38f196b3-1a5d-407e-907f-f893db903b4a"},"type":"OpenApiConnection","inputs":{"host":{"apiId":"/providers/Microsoft.PowerApps/apis/shared_office365","connectionName":"shared_office365_1","operationId":"SendEmailV2"},"parameters":{"emailMessage/To":"@{triggerOutputs()?['body/SPOC/Email']};","emailMessage/Subject":"CMS | Amendment | Request for Create Draft Contract | Contract ID - @{variables('ID')}","emailMessage/Body":"<p></p>Hi @{triggerOutputs()?['body/SPOC/DisplayName']},<br>\n<br>\nRequest for Create Amendment Draft Contract. Please Create and Move further.<br>\n<br>\nContract Reference No : @{variables('ID')}<br>\nCost Code : @{triggerOutputs()?['body/CostCode/Value']}<br>\nBudget Availability(USD) : @{triggerOutputs()?['body/BudgetAvailability_x0028_USD_x00/Value']}<br>\nSOW : @{triggerOutputs()?['body/SOW']}<br>\nContract Created By : @{triggerOutputs()?['body/Nameofuser/DisplayName']}<br>\n<br><br>\nLink : <a href=\"@{variables('varLinktoItem')}\">View item</a><br><br>\n\nThanks!,<br>\nCMS Admin","emailMessage/Importance":"Normal"},"authentication":"@parameters('$authentication')"}}}},"expression":{"equals":["@triggerOutputs()?['body/Amendment_x0020__x002d__x0020_Le/Value']","Yes"]},"metadata":{"operationMetadataId":"941459c2-b178-4956-8373-fbe159ccecf8"},"type":"If"}}},"Case_-_Amendment_-_Pending_Memo_Review":{"case":"Amendment - Pending Memo Review","actions":{"Get_items_-_Pending_Legal_Draft_Details_":{"runAfter":{},"metadata":{"operationMetadataId":"6488a2c9-16a2-438e-9df2-612c3894c25c"},"type":"OpenApiConnection","inputs":{"host":{"apiId":"/providers/Microsoft.PowerApps/apis/shared_sharepointonline","connectionName":"shared_sharepointonline_1","operationId":"GetItems"},"parameters":{"dataset":"https://altrocks1.sharepoint.com/sites/KAMOAAFC","table":"9ba18c11-ec8a-4a88-a502-9f0451c3da01","$filter":"Title eq 'Pending Legal Draft Contract'"},"authentication":"@parameters('$authentication')"}},"Apply_to_each_-_Legal_Draft_Name_and_Email":{"foreach":"@outputs('Get_items_-_Pending_Legal_Draft_Details_')?['body/value']","actions":{"Set_variable_-_varLegalDraftDisplayEmail":{"runAfter":{},"metadata":{"operationMetadataId":"dd4f51b9-ff52-4faa-bef6-a92b4b540e07"},"type":"SetVariable","inputs":{"name":"varLegalDraftMail","value":"@items('Apply_to_each_-_Legal_Draft_Name_and_Email')?['User/Email']"}},"Set_variable_-_varLegalDraftDisplayName_":{"runAfter":{"Set_variable_-_varLegalDraftDisplayEmail":["Succeeded"]},"metadata":{"operationMetadataId":"e092bc62-eaa3-40b3-943b-86ba13ab59cc"},"type":"SetVariable","inputs":{"name":"varLegalDraffDisplayName","value":"@items('Apply_to_each_-_Legal_Draft_Name_and_Email')?['User/DisplayName']"}}},"runAfter":{"Get_items_-_Pending_Legal_Draft_Details_":["Succeeded"]},"metadata":{"operationMetadataId":"1aff16e4-72ba-487b-81c5-16417931403d"},"type":"Foreach"},"Condition_-_Amendement-_Legal_Draft_Routed_Notiy":{"actions":{"Send_an_email_-_Amendment_Legal_Draft_Contract_Updated_Notify":{"runAfter":{},"metadata":{"operationMetadataId":"2c88c6cb-87a6-49f0-8999-9856a22c5ff4"},"type":"OpenApiConnection","inputs":{"host":{"apiId":"/providers/Microsoft.PowerApps/apis/shared_office365","connectionName":"shared_office365","operationId":"SendEmailV2"},"parameters":{"emailMessage/To":"@{variables('varLegalDraftMail')};","emailMessage/Subject":"CMS | Request for Amendment Legal Draft Contract Updated | Contract ID -\n@{variables('ID')}","emailMessage/Body":"<p></p>Hi @{variables('varLegalDraffDisplayName')},<br>\n<br> \nRequest Amendment Legal Draft Contract Updated for this Contract ID - @{variables('ID')}. Please review and move further.<br>\n<br>\nContract Reference No : @{variables('ID')}<br>\nCost Code : @{triggerOutputs()?['body/CostCode/Value']}<br>\nBudget Availability(USD) : @{triggerOutputs()?['body/BudgetAvailability_x0028_USD_x00/Value']}<br>\nSOW : @{triggerOutputs()?['body/SOW']}<br>\nContract Created By : @{triggerOutputs()?['body/Nameofuser/DisplayName']}<br>\n<br>\n<br>\nLink : <a href=\"@{variables('varLinktoItem')}\">View item</a><br><br>\nThanks!,<br>\nCMS Admin","emailMessage/Importance":"Normal"},"authentication":"@parameters('$authentication')"}}},"runAfter":{"Apply_to_each_-_Legal_Draft_Name_and_Email":["Succeeded"]},"else":{"actions":{"Send_an_email__-_Pending_Legal_Draft_Contract_Notify":{"runAfter":{},"metadata":{"operationMetadataId":"3832c4a1-7f6c-4cb7-8f30-d088f56345b1"},"type":"OpenApiConnection","inputs":{"host":{"apiId":"/providers/Microsoft.PowerApps/apis/shared_office365","connectionName":"shared_office365_1","operationId":"SendEmailV2"},"parameters":{"emailMessage/To":"@{variables('varLegalDraftMail')};","emailMessage/Subject":"CMS | Amendment | Request for Legal Draft Contract | Contract ID -\n@{variables('ID')}","emailMessage/Body":"<p></p>Hi @{variables('varLegalDraffDisplayName')},<br>\n<br> \nPlease review Draft Contract for this Contract ID - @{variables('ID')} and move further.<br>\n<br>\nContract Reference No : @{variables('ID')}<br>\nCost Code : @{triggerOutputs()?['body/CostCode/Value']}<br>\nBudget Availability(USD) : @{triggerOutputs()?['body/BudgetAvailability_x0028_USD_x00/Value']}<br>\nSOW : @{triggerOutputs()?['body/SOW']}<br>\nContract Created By : @{triggerOutputs()?['body/Nameofuser/DisplayName']}<br>\n<br>\n<br>\nLink : <a href=\"@{variables('varLinktoItem')}\">View item</a><br><br>\n\nThanks!,<br>\nCMS Admin","emailMessage/Importance":"Normal"},"authentication":"@parameters('$authentication')"}},"Delay_-_7_Days":{"runAfter":{"Send_an_email__-_Pending_Legal_Draft_Contract_Notify":["Succeeded"]},"metadata":{"operationMetadataId":"6a7f91a5-bb6e-4362-9d99-5c4687738de3"},"type":"Wait","inputs":{"interval":{"count":7,"unit":"Day"}}},"Get_item_-_From_Contract_Form_Details":{"runAfter":{"Delay_-_7_Days":["Succeeded"]},"metadata":{"operationMetadataId":"bb0cfd1a-a782-4c0d-9d14-c2a77814a54c"},"type":"OpenApiConnection","inputs":{"host":{"apiId":"/providers/Microsoft.PowerApps/apis/shared_sharepointonline","connectionName":"shared_sharepointonline_2","operationId":"GetItem"},"parameters":{"dataset":"https://altrocks1.sharepoint.com/sites/KAMOAAFC","table":"307b56f3-760d-4f6f-9881-5eec9d2d7deb","id":"@triggerOutputs()?['body/ID']"},"authentication":"@parameters('$authentication')"}},"Condition_-_Check_Status_Value_":{"actions":{"Send_an_email_-_Reminder_Day_7__CMS_Request_for_Legal_Notify":{"runAfter":{},"metadata":{"operationMetadataId":"c05b37d8-503c-4085-94cd-3113ede520dd"},"type":"OpenApiConnection","inputs":{"host":{"apiId":"/providers/Microsoft.PowerApps/apis/shared_office365","connectionName":"shared_office365_1","operationId":"SendEmailV2"},"parameters":{"emailMessage/To":"@{variables('varLegalDraftMail')};","emailMessage/Subject":"Reminder : CMS | Request for Legal Review | Contract ID - @{variables('ID')}","emailMessage/Body":"<p></p>Hi @{variables('varLegalDraffDisplayName')},<br>\n<br> \nPlease review Draft Contract for this Contract ID - @{variables('ID')} and move further.<br>\n<br>\nContract Reference No : @{variables('ID')}<br>\nCost Code : @{triggerOutputs()?['body/CostCode/Value']}<br>\nBudget Availability(USD) : @{triggerOutputs()?['body/BudgetAvailability_x0028_USD_x00/Value']}<br>\nSOW : @{triggerOutputs()?['body/SOW']}<br>\nContract Created By : @{triggerOutputs()?['body/Nameofuser/DisplayName']}<br>\n<br>\n<br>\nLink : <a href=\"@{variables('varLinktoItem')}\">View item</a><br><br>\n\nThanks!,<br>\nCMS Admin","emailMessage/Importance":"Normal"},"authentication":"@parameters('$authentication')"}}},"runAfter":{"Get_item_-_From_Contract_Form_Details":["Succeeded"]},"expression":{"equals":["@triggerOutputs()?['body/Status/Value']","@outputs('Get_item_-_From_Contract_Form_Details')?['body/Status/Value']"]},"metadata":{"operationMetadataId":"0b5a3c19-af46-4d7b-84a6-7b4f048a021a"},"type":"If"}}},"expression":{"equals":["@triggerOutputs()?['body/Amendment_x0020__x002d__x0020_Le/Value']","Yes"]},"metadata":{"operationMetadataId":"3c46f498-8267-4a90-a173-4a6764574a84"},"type":"If"}}},"Case_-_Amendment_-_Pending_Assign_DOA_for_Amendment_Review":{"case":"Amendment - Pending Assign DOA for Amendment Review","actions":{"Send_an_email_-_Pending_Assign_DOA_For_Amendment_Review_Notify":{"runAfter":{},"metadata":{"operationMetadataId":"b8e9ebb9-0124-4fa6-9d52-31a6feadcb33"},"type":"OpenApiConnection","inputs":{"host":{"apiId":"/providers/Microsoft.PowerApps/apis/shared_office365","connectionName":"shared_office365","operationId":"SendEmailV2"},"parameters":{"emailMessage/To":"@{triggerOutputs()?['body/SPOC/Email']};","emailMessage/Subject":"CMS | Request Choose DOA  Approvers For Amendment  | Contract ID - @{variables('ID')}","emailMessage/Body":"<p></p>Hi @{triggerOutputs()?['body/SPOC/DisplayName']},<br>\n<br>\nPlease Choose Approvers  For Amendment and move further. Contract ID - @{variables('ID')}.<br>\n<br>\nContract Reference No : @{variables('ID')}<br>\nCost Code : @{triggerOutputs()?['body/CostCode/Value']}<br>\nBudget Availability(USD) : @{triggerOutputs()?['body/BudgetAvailability_x0028_USD_x00/Value']}<br>\nSOW : @{triggerOutputs()?['body/SOW']}<br>\nContract Created By : @{triggerOutputs()?['body/Nameofuser/DisplayName']}<br>\n<br><br>\nLink : <a href=\"@{variables('varLinktoItem')}\">View item</a><br><br>\n\nThanks!,<br>\nCMS Admin","emailMessage/Importance":"Normal"},"authentication":"@parameters('$authentication')"}}}},"Case_-_Amendment_-_Pending_DOA_Approval":{"case":"Amendment - Pending DOA Approval","actions":{"Condition_-Amendment_-DOA_Drafts_Routed_":{"actions":{"Get_items_-_Get_Amendment_DOA_Approvers_EMails":{"runAfter":{},"metadata":{"operationMetadataId":"35222ec6-4ca3-4441-b281-f384930fa524"},"type":"OpenApiConnection","inputs":{"host":{"apiId":"/providers/Microsoft.PowerApps/apis/shared_sharepointonline","connectionName":"shared_sharepointonline_2","operationId":"GetItems"},"parameters":{"dataset":"https://altrocks1.sharepoint.com/sites/KAMOAAFC","table":"51d727d1-b4a0-4168-a0ea-50db2a90dced","$filter":"ContractID eq '@{triggerOutputs()?['body/ID']}'"},"authentication":"@parameters('$authentication')"}},"Apply_to_each_-_Check_Current_DOA's_Email":{"foreach":"@outputs('Get_items_-_Get_Amendment_DOA_Approvers_EMails')?['body/value']","actions":{"Condition_-Check_Cost_Controller":{"actions":{"Append_to_string_variable_-_varCurrentContractDOAsEmails":{"runAfter":{},"metadata":{"operationMetadataId":"aab27c7c-4795-4880-9bc6-8c1d72d6e0e2"},"type":"AppendToStringVariable","inputs":{"name":"varCurrentContractDOAsEmails","value":"@{items('Apply_to_each_-_Check_Current_DOA''s_Email')?['Cost_x0020_Controller_x0020_Emai']};"}}},"runAfter":{},"expression":{"equals":["@items('Apply_to_each_-_Check_Current_DOA''s_Email')?['Cost_x0020_Controller_x0020_Acti/Value']","Approved"]},"metadata":{"operationMetadataId":"39418664-4f90-49ee-b8eb-c493491bb280"},"type":"If"},"Condition_-_Check_Budget_Holder_":{"actions":{"Append_to_string_variable_-_Budget_Holder_Email":{"runAfter":{},"metadata":{"operationMetadataId":"b8caea26-7387-4309-ac52-da77229a320d"},"type":"AppendToStringVariable","inputs":{"name":"varCurrentContractDOAsEmails","value":"@{items('Apply_to_each_-_Check_Current_DOA''s_Email')?['Budget_x0020_Holder_x0020_Email']};"}}},"runAfter":{"Condition_-Check_Cost_Controller":["Succeeded"]},"expression":{"equals":["@items('Apply_to_each_-_Check_Current_DOA''s_Email')?['Budget_x0020_Holder_x0020_Action/Value']","Approved"]},"metadata":{"operationMetadataId":"bd1d8d92-0d16-4215-8ba2-58cf0000a3ef"},"type":"If"},"Condition_-_Check_Head_of_Department":{"actions":{"Append_to_string_variable_-_Head_of_Department_Email":{"runAfter":{},"metadata":{"operationMetadataId":"c1505faf-46ef-4b17-a567-5b7ad9c2e523"},"type":"AppendToStringVariable","inputs":{"name":"varCurrentContractDOAsEmails","value":"@{items('Apply_to_each_-_Check_Current_DOA''s_Email')?['Head_x0020_of_x0020_Department_x']};"}}},"runAfter":{"Condition_-_Check_Budget_Holder_":["Succeeded"]},"expression":{"equals":["@items('Apply_to_each_-_Check_Current_DOA''s_Email')?['Head_x0020_of_x0020_Department_x0/Value']","Approved"]},"metadata":{"operationMetadataId":"88985ef8-e97d-4139-94ef-600db8ba7011"},"type":"If"},"Condition_-_Check_Adjudication_Committee":{"actions":{"Append_to_string_variable_-_Adjudication_Committee_Email":{"runAfter":{},"metadata":{"operationMetadataId":"a51e540a-97a0-4a8a-8182-b6dfc04f261e"},"type":"AppendToStringVariable","inputs":{"name":"varCurrentContractDOAsEmails","value":"@{items('Apply_to_each_-_Check_Current_DOA''s_Email')?['Adjudication_x0020_Committee_x00']};"}}},"runAfter":{"Condition_-_Check_Head_of_Department":["Succeeded"]},"expression":{"equals":["@items('Apply_to_each_-_Check_Current_DOA''s_Email')?['Adjudication_x0020_Committee_x000/Value']","Approved"]},"metadata":{"operationMetadataId":"c33834c7-a8e1-4ba5-b9f1-6975daf5445b"},"type":"If"},"Condition_-_Check_Executive":{"actions":{"Append_to_string_variable_-_Check_Executive_Email":{"runAfter":{},"metadata":{"operationMetadataId":"730e401e-d467-4b24-88a1-175d933c90ab"},"type":"AppendToStringVariable","inputs":{"name":"varCurrentContractDOAsEmails","value":"@{items('Apply_to_each_-_Check_Current_DOA''s_Email')?['Executive_x0020_Email']};"}}},"runAfter":{"Condition_-_Check_Adjudication_Committee":["Succeeded"]},"expression":{"equals":["@items('Apply_to_each_-_Check_Current_DOA''s_Email')?['Executive_x0020_Action/Value']","Approved"]},"metadata":{"operationMetadataId":"7ab27b18-7aaa-4be9-9594-b2ffd6e3c6bf"},"type":"If"},"Condition_-_Check_Executive_Finance":{"actions":{"Append_to_string_variable_-_Executive_Finance_Email":{"runAfter":{},"metadata":{"operationMetadataId":"e91a1368-8512-44c9-afe2-e5496c29a8e9"},"type":"AppendToStringVariable","inputs":{"name":"varCurrentContractDOAsEmails","value":"@{items('Apply_to_each_-_Check_Current_DOA''s_Email')?['Executive_x0020_Finance_x0020_Em']};"}}},"runAfter":{"Condition_-_Check_Executive":["Succeeded"]},"expression":{"equals":["@items('Apply_to_each_-_Check_Current_DOA''s_Email')?['Executive_x0020_Finance_x0020_Ac/Value']","Approved"]},"metadata":{"operationMetadataId":"9e4c93b6-f0e3-4e8b-bdb2-219285b4b5f9"},"type":"If"},"Condition_-_Check_CFO_Ivanhoe":{"actions":{"Append_to_string_variable_-_CFO_Ivanhoe_Email":{"runAfter":{},"metadata":{"operationMetadataId":"725383c1-9775-4131-8d01-e571dae0003c"},"type":"AppendToStringVariable","inputs":{"name":"varCurrentContractDOAsEmails","value":"@{items('Apply_to_each_-_Check_Current_DOA''s_Email')?['CFO_x0020_Ivanhoe_x0020_Email']};"}}},"runAfter":{"Condition_-_Check_Executive_Finance":["Succeeded"]},"expression":{"equals":["@items('Apply_to_each_-_Check_Current_DOA''s_Email')?['CFO_x0020_Ivanhoe_x0020_Action/Value']","Approved"]},"metadata":{"operationMetadataId":"8039521c-0b64-496b-8e88-123c8fb306dd"},"type":"If"},"Condition_-_Check_CEO_and_COO_jointly":{"actions":{"Append_to_string_variable_-_CEO_and_COO_jointly_Email":{"runAfter":{},"metadata":{"operationMetadataId":"c715c6b1-99b2-4253-afe7-4f95eec3050a"},"type":"AppendToStringVariable","inputs":{"name":"varCurrentContractDOAsEmails","value":"@{items('Apply_to_each_-_Check_Current_DOA''s_Email')?['CEO_x0020__x0026__x0020_COO_x0020']};"}}},"runAfter":{"Condition_-_Check_CFO_Ivanhoe":["Succeeded"]},"expression":{"equals":["@items('Apply_to_each_-_Check_Current_DOA''s_Email')?['CEO_x0020__x0026__x0020_COO_x0021/Value']","Approved"]},"metadata":{"operationMetadataId":"f6dc8d41-a459-4f9f-86b6-f3421efbd775"},"type":"If"}},"runAfter":{"Get_items_-_Get_Amendment_DOA_Approvers_EMails":["Succeeded"]},"metadata":{"operationMetadataId":"5f430e3f-043e-43c1-899e-59c844904cf8"},"type":"Foreach"},"Send_an_email__-_Amendment_-_DOAs_Draft_Routed_Notify":{"runAfter":{"Apply_to_each_-_Check_Current_DOA's_Email":["Succeeded"]},"metadata":{"operationMetadataId":"d835b55c-6c24-4475-aefa-3f71ebe7cefa"},"type":"OpenApiConnection","inputs":{"host":{"apiId":"/providers/Microsoft.PowerApps/apis/shared_office365","connectionName":"shared_office365_1","operationId":"SendEmailV2"},"parameters":{"emailMessage/To":"@{triggerOutputs()?['body/AmendmentCurrentDOAApproverEmail']};","emailMessage/Subject":"CMS | Amendment | Request Draft Contract  is Updated | DOA | Contract ID - @{variables('ID')}","emailMessage/Body":"<p></p>Hi @{triggerOutputs()?['body/AmendmentCurrentDOAApprover']},<br>\n<br>\nPlease review Updated Draft Contract and move further. Contract ID - @{variables('ID')}.<br>\n<br>\nContract Reference No : @{variables('ID')}<br>\nCost Code : @{triggerOutputs()?['body/CostCode/Value']}<br>\nBudget Availability(USD) : @{triggerOutputs()?['body/BudgetAvailability_x0028_USD_x00/Value']}<br>\nSOW : @{triggerOutputs()?['body/SOW']}<br>\nContract Created By : @{triggerOutputs()?['body/Nameofuser/DisplayName']}<br>\n<br><br>\nLink : <a href=\"@{variables('varLinktoItem')}\">View item</a><br><br>\n\nThanks!,<br>\nCMS Admin","emailMessage/Cc":"@variables('varCurrentContractDOAsEmails')","emailMessage/Importance":"Normal"},"authentication":"@parameters('$authentication')"}}},"runAfter":{},"else":{"actions":{"Send_an_email_-_DOAs_Notify":{"runAfter":{},"metadata":{"operationMetadataId":"2a852041-700e-4aff-9ec3-3fe11cd87032"},"type":"OpenApiConnection","inputs":{"host":{"apiId":"/providers/Microsoft.PowerApps/apis/shared_office365","connectionName":"shared_office365","operationId":"SendEmailV2"},"parameters":{"emailMessage/To":"@{triggerOutputs()?['body/AmendmentCurrentDOAApproverEmail']};","emailMessage/Subject":"CMS | Request  DOA Approvers For Amendment  | Contract ID - @{variables('ID')}","emailMessage/Body":"<p></p>Hi @{triggerOutputs()?['body/AmendmentCurrentDOAApprover']},<br>\n<br>\nPlease review the Draft Contract and move further. Contract ID - @{variables('ID')}.<br>\n<br>\nContract Reference No : @{variables('ID')}<br>\nCost Code : @{triggerOutputs()?['body/CostCode/Value']}<br>\nBudget Availability(USD) : @{triggerOutputs()?['body/BudgetAvailability_x0028_USD_x00/Value']}<br>\nSOW : @{triggerOutputs()?['body/SOW']}<br>\nContract Created By : @{triggerOutputs()?['body/Nameofuser/DisplayName']}<br>\n<br><br>\nLink : <a href=\"@{variables('varLinktoItem')}\">View item</a><br>\n<br>\n\nThanks!,<br>\nCMS Admin","emailMessage/Importance":"Normal"},"authentication":"@parameters('$authentication')"}},"Delay_-_Delay_Email__after_7_Days":{"runAfter":{"Send_an_email_-_DOAs_Notify":["Succeeded"]},"metadata":{"operationMetadataId":"06117a5f-cba9-410d-a185-38f9f62fc1ee"},"type":"Wait","inputs":{"interval":{"count":7,"unit":"Day"}}},"Get_item_-_From_ContractForm_Deatils":{"runAfter":{"Delay_-_Delay_Email__after_7_Days":["Succeeded"]},"metadata":{"operationMetadataId":"3f0ee02d-a75b-449d-9c9f-622297f91320"},"type":"OpenApiConnection","inputs":{"host":{"apiId":"/providers/Microsoft.PowerApps/apis/shared_sharepointonline","connectionName":"shared_sharepointonline_1","operationId":"GetItem"},"parameters":{"dataset":"https://altrocks1.sharepoint.com/sites/KAMOAAFC","table":"307b56f3-760d-4f6f-9881-5eec9d2d7deb","id":"@triggerOutputs()?['body/ID']"},"authentication":"@parameters('$authentication')"}},"Condition":{"actions":{"Send_an_7_Days_Remainder_Email_to_approver_":{"runAfter":{},"metadata":{"operationMetadataId":"0a23b4f0-a546-419e-9c3f-a6ea1f89fa17"},"type":"OpenApiConnection","inputs":{"host":{"apiId":"/providers/Microsoft.PowerApps/apis/shared_office365","connectionName":"shared_office365","operationId":"SendEmailV2"},"parameters":{"emailMessage/To":"@{outputs('Get_item_-_From_ContractForm_Deatils')?['body/AmendmentCurrentDOAApproverEmail']};","emailMessage/Subject":"Remainder Day 7 : CMS | Amendment | Request for DOA Approvers | Contract ID - @{variables('ID')}","emailMessage/Body":"<p></p>Hi @{triggerOutputs()?['body/AmendmentCurrentDOAApprover']},<br>\n<br>\nPlease review the Draft Contract and move further. Contract ID - @{variables('ID')}.<br>\n<br>\nContract Reference No : @{variables('ID')}<br>\nCost Code : @{triggerOutputs()?['body/CostCode/Value']}<br>\nBudget Availability(USD) : @{triggerOutputs()?['body/BudgetAvailability_x0028_USD_x00/Value']}<br>\nSOW : @{triggerOutputs()?['body/SOW']}<br>\nContract Created By : @{triggerOutputs()?['body/Nameofuser/DisplayName']}<br>\n<br><br>\nLink : <a href=\"@{variables('varLinktoItem')}\">View item</a><br>\n<br>\n\nThanks!,<br>\nCMS Admin","emailMessage/Importance":"Normal"},"authentication":"@parameters('$authentication')"}}},"runAfter":{"Get_item_-_From_ContractForm_Deatils":["Succeeded"]},"expression":{"or":[{"equals":["@triggerOutputs()?['body/AmendmentCurrentDOAApproverEmail']","@outputs('Get_item_-_From_ContractForm_Deatils')?['body/AmendmentCurrentDOAApproverEmail']"]},{"equals":["@triggerOutputs()?['body/Status/Value']","@outputs('Get_item_-_From_ContractForm_Deatils')?['body/Status/Value']"]}]},"metadata":{"operationMetadataId":"7f3fedac-a435-4ca1-9a94-09b890affade"},"type":"If"}}},"expression":{"equals":["@triggerOutputs()?['body/Amendment_x0020__x002d__x0020_DO/Value']","Yes"]},"metadata":{"operationMetadataId":"b31b7e45-f828-4458-a8b5-50daabec32ae"},"type":"If"}}},"Case_-_Amendment_-_Pending_Final_Contract":{"case":"Amendment - Pending Final Contract","actions":{"Send_an_email_-_Pending_Final_Contract_Notify":{"runAfter":{},"metadata":{"operationMetadataId":"ae28f6ea-5088-4861-b65c-ee0c1b16b8af"},"type":"OpenApiConnection","inputs":{"host":{"apiId":"/providers/Microsoft.PowerApps/apis/shared_office365","connectionName":"shared_office365","operationId":"SendEmailV2"},"parameters":{"emailMessage/To":"@{triggerOutputs()?['body/SPOC/Email']};","emailMessage/Subject":"CMS | Request for Review Amendment  Final Contract | Contract ID - @{variables('ID')}","emailMessage/Body":"<p></p>Hi @{triggerOutputs()?['body/SPOC/DisplayName']},<br>\n<br>\nPlease Review the  Amendment Final Contract for this Contract ID - @{variables('ID')} and move further.<br>\n<br>\nContract Reference No : @{variables('ID')}<br>\nCost Code : @{triggerOutputs()?['body/CostCode/Value']}<br>\nBudget Availability(USD) : @{triggerOutputs()?['body/BudgetAvailability_x0028_USD_x00/Value']}<br>\nSOW : @{triggerOutputs()?['body/SOW']}<br>\nContract Created By : @{triggerOutputs()?['body/Nameofuser/DisplayName']}<br>\n<br>\nLink : <a href=\"@{variables('varLinktoItem')}\">View item</a><br><br>\n\nThanks!,<br>\nCMS Admin","emailMessage/Importance":"Normal"},"authentication":"@parameters('$authentication')"}}}},"Case_-_Amendment_-_Pending_Final_Sign-Off":{"case":"Amendment - Pending Final Sign-Off","actions":{"Send_an_email_(V2)_-_Amendment_-_Pending_Final_Sign-Off":{"runAfter":{},"metadata":{"operationMetadataId":"68396fb8-80d6-4452-9948-f1f42ec6282b"},"type":"OpenApiConnection","inputs":{"host":{"apiId":"/providers/Microsoft.PowerApps/apis/shared_office365","connectionName":"shared_office365","operationId":"SendEmailV2"},"parameters":{"emailMessage/To":"@{triggerOutputs()?['body/AmendmentCurrentDOAReviewerEmail']};","emailMessage/Subject":"CMS | Amendment | Request for Final Sign-off  | DOA | Contract ID - @{variables('ID')}","emailMessage/Body":"<p></p>Hi @{triggerOutputs()?['body/AmendmentCurrentDOAReviewer']},<br>\n<br>\nPlease review and Sign-off for Final Contract.  For Contract ID - @{variables('ID')} and move further.<br>\n<br>\nContract Reference No : @{variables('ID')}<br>\nCost Code : @{triggerOutputs()?['body/CostCode/Value']}<br>\nBudget Availability(USD) : @{triggerOutputs()?['body/BudgetAvailability_x0028_USD_x00/Value']}<br>\nSOW : @{triggerOutputs()?['body/SOW']}<br>\nContract Created By : @{triggerOutputs()?['body/Nameofuser/DisplayName']}<br>\n<br>\n<br>\nLink : <a href=\"@{variables('varLinktoItem')}\">View item</a><br><br>\n\nThanks!,<br>\nCMS Admin","emailMessage/Importance":"Normal"},"authentication":"@parameters('$authentication')"}}}},"Case_-_Amendment_-_Pending_Signed_Final_Contract_Upload":{"case":"Amendment - Pending Signed Final Contract Upload","actions":{"Send_an_email__-_Amendment__Pending_Signed_Final_Contract_Upload":{"runAfter":{},"metadata":{"operationMetadataId":"8de2ac70-a61b-499a-b50c-f3301047e771"},"type":"OpenApiConnection","inputs":{"host":{"apiId":"/providers/Microsoft.PowerApps/apis/shared_office365","connectionName":"shared_office365","operationId":"SendEmailV2"},"parameters":{"emailMessage/To":"@{triggerOutputs()?['body/SPOC/Email']};","emailMessage/Subject":"CMS | Request for Pending Amendment Final Sign-off Upload |  Contract ID - @{variables('ID')}","emailMessage/Body":"<p></p>Hi @{triggerOutputs()?['body/SPOC/DisplayName']},<br>\n<br>\nPlease Upload Final Sign-off Upload Documents for this Amendment.<br>\n<br>\nContract Reference No : @{variables('ID')}<br>\nCost Code : @{triggerOutputs()?['body/CostCode/Value']}<br>\nBudget Availability(USD) : @{triggerOutputs()?['body/BudgetAvailability_x0028_USD_x00/Value']}<br>\nSOW : @{triggerOutputs()?['body/SOW']}<br>\nContract Created By : @{triggerOutputs()?['body/Nameofuser/DisplayName']}<br>\n<br>\nLink : <a href=\"@{variables('varLinktoItem')}\">View item</a><br><br>\n\nThanks!,<br>\nCMS Admin","emailMessage/Importance":"Normal"},"authentication":"@parameters('$authentication')"}},"Get_items_-_Supplier_Registration_Form_":{"runAfter":{"Send_an_email__-_Amendment__Pending_Signed_Final_Contract_Upload":["Succeeded"]},"metadata":{"operationMetadataId":"44090d20-dbca-4ae6-8fd8-a12403b252fe"},"type":"OpenApiConnection","inputs":{"host":{"apiId":"/providers/Microsoft.PowerApps/apis/shared_sharepointonline","connectionName":"shared_sharepointonline_2","operationId":"GetItems"},"parameters":{"dataset":"https://altrocks1.sharepoint.com/sites/KAMOAAFC","table":"89432626-fb61-4eeb-bf77-556fd195ce89","$filter":"ContractID eq '@{triggerOutputs()?['body/ID']}' and LOAIssuedSupplier eq 1"},"authentication":"@parameters('$authentication')"}},"Get_items_-_Contract_Draft_Attachments_":{"runAfter":{"Get_items_-_Supplier_Registration_Form_":["Succeeded"]},"metadata":{"operationMetadataId":"3882c87a-84e8-4e17-984a-f3ea5c202565"},"type":"OpenApiConnection","inputs":{"host":{"apiId":"/providers/Microsoft.PowerApps/apis/shared_sharepointonline","connectionName":"shared_sharepointonline_2","operationId":"GetItems"},"parameters":{"dataset":"https://altrocks1.sharepoint.com/sites/KAMOAAFC","table":"59f41541-ca2e-4cdf-b633-821ba332445c","$filter":"ContractID eq '@{triggerOutputs()?['body/ID']}'"},"authentication":"@parameters('$authentication')"}},"Apply_to_each_-_Get_Attachment_and_content__":{"foreach":"@outputs('Get_items_-_Contract_Draft_Attachments_')?['body/value']","actions":{"Get_attachments_-_From_Contract_Draft_Attachments_":{"runAfter":{},"metadata":{"operationMetadataId":"563a9758-6f7c-4b29-816c-83e93b9dd109"},"type":"OpenApiConnection","inputs":{"host":{"apiId":"/providers/Microsoft.PowerApps/apis/shared_sharepointonline","connectionName":"shared_sharepointonline_2","operationId":"GetItemAttachments"},"parameters":{"dataset":"https://altrocks1.sharepoint.com/sites/KAMOAAFC","table":"59f41541-ca2e-4cdf-b633-821ba332445c","itemId":"@items('Apply_to_each_-_Get_Attachment_and_content__')?['ID']"},"authentication":"@parameters('$authentication')"}},"Apply_to_each_":{"foreach":"@body('Get_attachments_-_From_Contract_Draft_Attachments_')","actions":{"Get_attachment_content_-__From_Contract_Draft_Attachments_":{"runAfter":{},"metadata":{"operationMetadataId":"4afe2eda-445d-4343-8324-db1cc8f236a1"},"type":"OpenApiConnection","inputs":{"host":{"apiId":"/providers/Microsoft.PowerApps/apis/shared_sharepointonline","connectionName":"shared_sharepointonline_2","operationId":"GetAttachmentContent"},"parameters":{"dataset":"https://altrocks1.sharepoint.com/sites/KAMOAAFC","table":"59f41541-ca2e-4cdf-b633-821ba332445c","itemId":"@items('Apply_to_each_-_Get_Attachment_and_content__')?['ID']","attachmentId":"@item()?['Id']"},"authentication":"@parameters('$authentication')"}},"Append_to_array_variable":{"runAfter":{"Get_attachment_content_-__From_Contract_Draft_Attachments_":["Succeeded"]},"metadata":{"operationMetadataId":"8ee727ff-01c8-44b5-8eba-3e76560f1566"},"type":"AppendToArrayVariable","inputs":{"name":"FileAttachmentContent","value":{"Name":"@item()?['DisplayName']","ContentBytes":"@body('Get_attachment_content_-__From_Contract_Draft_Attachments_')"}}}},"runAfter":{"Get_attachments_-_From_Contract_Draft_Attachments_":["Succeeded"]},"metadata":{"operationMetadataId":"887a2187-bdad-4cb8-8884-714458c90778"},"type":"Foreach"}},"runAfter":{"Get_items_-_Contract_Draft_Attachments_":["Succeeded"]},"metadata":{"operationMetadataId":"17cbf032-a59f-49cf-97f8-00520d3184c0"},"type":"Foreach"},"Apply_to_each_-_Send_email_to_Finalist_Supplier_":{"foreach":"@outputs('Get_items_-_Supplier_Registration_Form_')?['body/value']","actions":{"Send_an_email_-_Finalist_Supplier_Notify":{"runAfter":{},"metadata":{"operationMetadataId":"a12bec34-4283-4a83-95d4-593f376224f9"},"type":"OpenApiConnection","inputs":{"host":{"apiId":"/providers/Microsoft.PowerApps/apis/shared_office365","connectionName":"shared_office365_1","operationId":"SendEmailV2"},"parameters":{"emailMessage/To":"@{items('Apply_to_each_-_Send_email_to_Finalist_Supplier_')?['Email']};@{items('Apply_to_each_-_Send_email_to_Finalist_Supplier_')?['SecondaryEmail']}","emailMessage/Subject":"CMS | Request Final Sign-off  For Amendment | Contract ID - @{variables('ID')}","emailMessage/Body":"<p></p>Hi @{items('Apply_to_each_-_Send_email_to_Finalist_Supplier_')?['Nameofsupplier']},<br>\n<br>\nPlease review Amendment  Sign-off for Contract ID - @{variables('ID')} and move further.<br>\n<br>\nContract Reference No : @{variables('ID')}<br>\nCost Code :@{triggerOutputs()?['body/CostCode/Value']} <br>\nBudget Availability(USD) :@{triggerOutputs()?['body/BudgetAvailability_x0028_USD_x00/Value']} <br>\nSOW : @{triggerOutputs()?['body/SOW']}<br>\nContract Created By :@{triggerOutputs()?['body/Nameofuser/DisplayName']} <br>\n<br>\n\nThanks!,<br>\nCMS Admin","emailMessage/Attachments":"@variables('FileAttachmentContent')","emailMessage/Importance":"Normal"},"authentication":"@parameters('$authentication')"}}},"runAfter":{"Apply_to_each_-_Get_Attachment_and_content__":["Succeeded"]},"metadata":{"operationMetadataId":"01fda064-89ef-441e-bef6-fbdc2df0085b"},"type":"Foreach"}}},"Case_-_Amendment_-_Update_Contract_Registry":{"case":"Amendment - Update Contract Registry","actions":{"Send_an_email_(V2)_-_Confirmation_Email_for_Final_Sign-off_sent_to_All_Suppliers":{"runAfter":{},"metadata":{"operationMetadataId":"a5c11d9e-173b-4d0e-9084-b8a32af16601"},"type":"OpenApiConnection","inputs":{"host":{"apiId":"/providers/Microsoft.PowerApps/apis/shared_office365","connectionName":"shared_office365_1","operationId":"SendEmailV2"},"parameters":{"emailMessage/To":"@{triggerOutputs()?['body/SPOC/Email']};","emailMessage/Subject":"CMS | Amendment | Confirmation Email for Final Sign-off sent to Suppliers | Contract ID -@{variables('ID')}","emailMessage/Body":"<p></p>Hi @{triggerOutputs()?['body/SPOC/DisplayName']},<br>\n<br>\nFinal Sign-off document sent to Sppliers for Contract ID - @{variables('ID')} and move further.<br>\n<br>\nContract Reference No : @{variables('ID')}<br>\nCost Code : @{triggerOutputs()?['body/CostCode/Value']}<br>\nBudget Availability(USD) : @{triggerOutputs()?['body/BudgetAvailability_x0028_USD_x00/Value']}<br>\nSOW : @{triggerOutputs()?['body/SOW']}<br>\nContract Created By : @{triggerOutputs()?['body/Nameofuser/DisplayName']}<br>\n<br>\n<br>\nLink : <a href=\"@{variables('varLinktoItem')}\">View item</a><br><br>\n\nThanks!,<br>\nCMS Admin","emailMessage/Importance":"Normal"},"authentication":"@parameters('$authentication')"}},"Send_an_email_-_Update_Contract_Registry":{"runAfter":{"Send_an_email_(V2)_-_Confirmation_Email_for_Final_Sign-off_sent_to_All_Suppliers":["Succeeded"]},"metadata":{"operationMetadataId":"11ff2fcf-7d1f-4ce2-8be0-959f55fdf5e4"},"type":"OpenApiConnection","inputs":{"host":{"apiId":"/providers/Microsoft.PowerApps/apis/shared_office365","connectionName":"shared_office365","operationId":"SendEmailV2"},"parameters":{"emailMessage/To":"@{triggerOutputs()?['body/SPOC/Email']};","emailMessage/Subject":"CMS | Request for Update Amendment Contract Registry | Contract ID - @{variables('ID')}","emailMessage/Body":"<p></p>Hi @{triggerOutputs()?['body/SPOC/DisplayName']},<br>\n<br>\nPlease Update Amendment Contract Registry for Contract ID - @{variables('ID')} and move further.<br>\n<br>\nContract Reference No : @{variables('ID')}<br>\nCost Code : @{triggerOutputs()?['body/CostCode/Value']}<br>\nBudget Availability(USD) : @{triggerOutputs()?['body/BudgetAvailability_x0028_USD_x00/Value']}<br>\nSOW : @{triggerOutputs()?['body/SOW']}<br>\nContract Created By : @{triggerOutputs()?['body/Nameofuser/DisplayName']}<br>\n<br>\n<br>\nLink : <a href=\"@{variables('varLinktoItem')}\">View item</a><br><br>\n\nThanks!,<br>\nCMS Admin","emailMessage/Importance":"Normal"},"authentication":"@parameters('$authentication')"}}}},"Case_-_Completed":{"case":"Completed","actions":{"Send_an_email_-_Contract_Completed_":{"runAfter":{},"metadata":{"operationMetadataId":"7dae1e84-503b-48b6-b815-45c52cbdbb85"},"type":"OpenApiConnection","inputs":{"host":{"apiId":"/providers/Microsoft.PowerApps/apis/shared_office365","connectionName":"shared_office365","operationId":"SendEmailV2"},"parameters":{"emailMessage/To":"@{variables('varContractDepartmentEmail')};@{triggerOutputs()?['body/Author/Email']};@{triggerOutputs()?['body/SPOC/Email']};","emailMessage/Subject":"CMS | Amendment Completed | Contract ID - @{variables('ID')}","emailMessage/Body":"<p></p> Dear Team,<br>\n<br>\nThe Contract Amendment is Completed - Contract ID - @{variables('ID')} and move further.<br>\n<br>\nContract Reference No : @{variables('ID')}<br>\nCost Code : @{triggerOutputs()?['body/CostCode/Value']}<br>\nBudget Availability(USD) : @{triggerOutputs()?['body/BudgetAvailability_x0028_USD_x00/Value']}<br>\nSOW : @{triggerOutputs()?['body/SOW']}<br>\nContract Created By : @{triggerOutputs()?['body/Nameofuser/DisplayName']}<br>\n<br>\n<br>\nLink : <a href=\"@{variables('varLinktoItem')}\">View item</a><br><br>\n\nThanks!,<br>\nCMS Admin","emailMessage/Importance":"Normal"},"authentication":"@parameters('$authentication')"}}}},"Case_-_Amendment_-_Pending_Draft_Contract_Update":{"case":"Amendment - Pending Draft Contract Update","actions":{"Send_an_email_-_CA_For_Pending_Draft_Contract_Update":{"runAfter":{},"metadata":{"operationMetadataId":"c1c4b966-e040-4147-a233-4cb464da48ea"},"type":"OpenApiConnection","inputs":{"host":{"apiId":"/providers/Microsoft.PowerApps/apis/shared_office365","connectionName":"shared_office365_1","operationId":"SendEmailV2"},"parameters":{"emailMessage/To":"@{triggerOutputs()?['body/SPOC/Email']};","emailMessage/Subject":"CMS | Amendment | Request for Update Draft Contract form DOA's | Contract ID - @{variables('ID')}","emailMessage/Body":"<p></p>Hi @{triggerOutputs()?['body/SPOC/DisplayName']},<br>\n<br>\nDOA's request to update Draft Contract for this Amendment Contract. Please check and Update and move further.<br>\n<br><br>\nRequest DOA : @{triggerOutputs()?['body/AmendmentCurrentDOAApprover']}<br>\nRequest DOA Email  : @{triggerOutputs()?['body/AmendmentCurrentDOAApproverEmail']}<br>\nRequest DOA Comment : @{triggerOutputs()?['body/DOAComments']}<br>\n\n<br><br>\nContract Reference No : @{variables('ID')}<br>\nCost Code : @{triggerOutputs()?['body/CostCode/Value']}<br>\nBudget Availability(USD) : @{triggerOutputs()?['body/BudgetAvailability_x0028_USD_x00/Value']}<br>\nSOW : @{triggerOutputs()?['body/SOW']}<br>\nContract Created By : @{triggerOutputs()?['body/Nameofuser/DisplayName']}<br>\n<br>\nLink : <a href=\"@{variables('varLinktoItem')}\">View item</a><br><br>\n\nThanks!,<br>\nCMS Admin","emailMessage/Importance":"Normal"},"authentication":"@parameters('$authentication')"}}}}},"default":{"actions":{}},"expression":"@triggerOutputs()?['body/Status/Value']","metadata":{"operationMetadataId":"e8edf4f4-a742-4bb9-bada-fc3e00271a1b"},"type":"Switch"},"Initialize_variable_-_varMADEmail":{"runAfter":{"Initialize_variable-varContractDepartmentDisplayName":["Succeeded"]},"metadata":{"operationMetadataId":"96ea8e2e-f018-4b50-8c81-79b013a4c8fa"},"type":"InitializeVariable","inputs":{"variables":[{"name":"varMADEmail","type":"string"}]}},"Initialize_variable_-_varMADDisplyName":{"runAfter":{"Initialize_variable_-_varMADEmail":["Succeeded"]},"metadata":{"operationMetadataId":"96ea8e2e-f018-4b50-8c81-79b013a4c8fa"},"type":"InitializeVariable","inputs":{"variables":[{"name":"varMADDisplyName","type":"string"}]}},"Initialize_variable_-_varExcoEmail":{"runAfter":{"Initialize_variable_-_varMADDisplyName":["Succeeded"]},"metadata":{"operationMetadataId":"1c5b69a5-23fb-4e14-aea7-df73509ace61"},"type":"InitializeVariable","inputs":{"variables":[{"name":"varExcoEmail","type":"string"}]}},"Initialize_variable_-_varExcoDisplyName":{"runAfter":{"Initialize_variable_-_varExcoEmail":["Succeeded"]},"metadata":{"operationMetadataId":"636e5a66-d813-4cdb-8c24-783979e09d3f"},"type":"InitializeVariable","inputs":{"variables":[{"name":"varExcoDisplyName","type":"string"}]}},"Initialize_variable_-_varChiefExecutiveCommercialSuppliersReviewEmail":{"runAfter":{"Initialize_variable_-_varExcoDisplyName":["Succeeded"]},"metadata":{"operationMetadataId":"40e05cf2-0f07-4a77-90b7-930fd90f799e"},"type":"InitializeVariable","inputs":{"variables":[{"name":"varChiefExecutiveCommercialSuppliersReviewEmail","type":"string"}]}},"Initialize_variable_-_varChiefExecutiveCommercialSuppliersReviewDisplayName":{"runAfter":{"Initialize_variable_-_varChiefExecutiveCommercialSuppliersReviewEmail":["Succeeded"]},"metadata":{"operationMetadataId":"39e63ee2-2c19-49e6-9528-f44dbfff7a6b"},"type":"InitializeVariable","inputs":{"variables":[{"name":"varChiefExecutiveCommercialSuppliersReviewDisplayName","type":"string"}]}},"Scope_-_Get_Contract_Department_details":{"actions":{"Get_items_-_Pending_Contract_Team_Review_email_and_name":{"runAfter":{},"metadata":{"operationMetadataId":"b1884a54-5cfd-493f-bf69-0b363661c495"},"type":"OpenApiConnection","inputs":{"host":{"apiId":"/providers/Microsoft.PowerApps/apis/shared_sharepointonline","connectionName":"shared_sharepointonline_1","operationId":"GetItems"},"parameters":{"dataset":"https://altrocks1.sharepoint.com/sites/KAMOAAFC","table":"9ba18c11-ec8a-4a88-a502-9f0451c3da01","$filter":"Title eq 'Pending - Assign SPOC'"},"authentication":"@parameters('$authentication')"}},"Apply_to_each_2":{"foreach":"@outputs('Get_items_-_Pending_Contract_Team_Review_email_and_name')?['body/value']","actions":{"Set_variable-varContractDepartmentEmail":{"runAfter":{},"metadata":{"operationMetadataId":"93a3a6ce-477b-46f1-8b25-8972f84eb845"},"type":"SetVariable","inputs":{"name":"varContractDepartmentEmail","value":"@items('Apply_to_each_2')?['User/Email']"}},"Set_variable":{"runAfter":{"Set_variable-varContractDepartmentEmail":["Succeeded"]},"metadata":{"operationMetadataId":"7496bb34-4131-4e91-93a6-089b691743af"},"type":"SetVariable","inputs":{"name":"varContractDepartmentDisplayName","value":"@items('Apply_to_each_2')?['User/DisplayName']"}}},"runAfter":{"Get_items_-_Pending_Contract_Team_Review_email_and_name":["Succeeded"]},"metadata":{"operationMetadataId":"44504e72-90cc-460f-9ad2-8049943f0439"},"type":"Foreach"}},"runAfter":{"Initialize_variable_-_varLegalDraftDisplayName_":["Succeeded"]},"metadata":{"operationMetadataId":"5a7a6b29-97ca-4c05-b4d5-8fb80d8dd753"},"type":"Scope"},"Initialize_variable_-_varContractDepartmentEmail":{"runAfter":{"Initialize_variable_-_Link_to_Item":["Succeeded"]},"metadata":{"operationMetadataId":"21812d36-056e-4405-9cae-d7b4e4d0ced2"},"type":"InitializeVariable","inputs":{"variables":[{"name":"varContractDepartmentEmail","type":"string"}]}},"Initialize_variable-varContractDepartmentDisplayName":{"runAfter":{"Initialize_variable_-_varContractDepartmentEmail":["Succeeded"]},"metadata":{"operationMetadataId":"0b66dadc-1b8c-4a56-b186-e3cc96dcd634"},"type":"InitializeVariable","inputs":{"variables":[{"name":"varContractDepartmentDisplayName","type":"string"}]}},"Scope_-_Get_Current_Contract_Suppliers_details":{"actions":{"Get_items_-_Get_Current_Contract_Suppliers_details":{"runAfter":{},"metadata":{"operationMetadataId":"3b723bc4-11be-4680-a8f6-419675c39754"},"type":"OpenApiConnection","inputs":{"host":{"apiId":"/providers/Microsoft.PowerApps/apis/shared_sharepointonline","connectionName":"shared_sharepointonline_1","operationId":"GetItems"},"parameters":{"dataset":"https://altrocks1.sharepoint.com/sites/KAMOAAFC","table":"89432626-fb61-4eeb-bf77-556fd195ce89","$filter":"ContractID eq '@{triggerOutputs()?['body/ID']}'"},"authentication":"@parameters('$authentication')"}},"Compose_-_Table_CSS":{"runAfter":{"Get_items_-_Get_Current_Contract_Suppliers_details":["Succeeded"]},"metadata":{"operationMetadataId":"71a57069-0c0c-41e3-a85b-a85f41b23418"},"type":"Compose","inputs":"<style>\ntable {\n  border: 1px solid #1C6EA4;\n  background-color: #EEEEEE;\n  width: 100%;\n  text-align: left;\n  border-collapse: collapse;\n}\ntable td, table th {\n  border: 1px solid #AAAAAA;\n  padding: 3px 2px;\n}\ntable tbody td {\n  font-size: 13px;\n}\ntable thead {\n  background:  #ef3340;\n  border-bottom: 2px solid #444444;\n}\ntable thead th {\n  font-size: 15px;\n  font-weight: bold;\n  color: #FFFFFF;\n  border-left: 2px solid #D0E4F5;\n}\ntable thead th:first-child {\n  border-left: none;\n}\n</style>"},"Create_HTML_table":{"runAfter":{"Compose_-_Table_CSS":["Succeeded"]},"metadata":{"operationMetadataId":"08f19616-245c-4b68-b1d7-ee2e4bfbbe5f"},"type":"Table","inputs":{"from":"@outputs('Get_items_-_Get_Current_Contract_Suppliers_details')?['body/value']","format":"HTML","columns":[{"header":"Name of Supplier","value":"@item()?['Nameofsupplier']"},{"header":"Company /OrgName","value":"@item()?['Company_x002f_OrgName']"},{"header":"Phone Number","value":"@item()?['Phonenumber']"},{"header":"Email","value":"@item()?['Email']"},{"header":"Status","value":"@item()?['Status/Value']"}]}},"Apply_to_each_4":{"foreach":"@outputs('Get_items_-_Get_Current_Contract_Suppliers_details')?['body/value']","actions":{"Set_variable_-SupplierTitle":{"runAfter":{},"metadata":{"operationMetadataId":"3bbef720-aae9-4c05-b4e9-66c5a33060b1"},"type":"SetVariable","inputs":{"name":"varSupplierTitle","value":"@items('Apply_to_each_4')?['Title']"}},"Set_variable_-SupplierName":{"runAfter":{"Set_variable_-SupplierTitle":["Succeeded"]},"metadata":{"operationMetadataId":"e6cbdb1c-325a-4854-b43c-d539e3e2dba8"},"type":"SetVariable","inputs":{"name":"varSupplierName","value":"@items('Apply_to_each_4')?['Nameofsupplier']"}},"Set_variable_-SupplierCompany":{"runAfter":{"Set_variable_-SupplierName":["Succeeded"]},"metadata":{"operationMetadataId":"55593120-2380-46d7-b810-d9211c0ecd5d"},"type":"SetVariable","inputs":{"name":"varSupplierCompany","value":"@items('Apply_to_each_4')?['Company_x002f_OrgName']"}},"Set_variable_-SupplierEmail":{"runAfter":{"Set_variable_-SupplierCompany":["Succeeded"]},"metadata":{"operationMetadataId":"3dfe14ce-666b-40d7-8605-17505e8c001d"},"type":"SetVariable","inputs":{"name":"varSupplierEmail","value":"@items('Apply_to_each_4')?['Email']"}}},"runAfter":{"Create_HTML_table":["Succeeded"]},"metadata":{"operationMetadataId":"162e53b7-14a6-4607-8374-6cad699510dc"},"type":"Foreach"}},"runAfter":{"Scope_-_Get_Contract_Department_details":["Succeeded"]},"metadata":{"operationMetadataId":"01df146b-9a5f-4bc7-bca2-35dec226498e"},"type":"Scope"},"Initialize_variable_-_SupplierTitle":{"runAfter":{"Initialize_variable_-_varChiefExecutiveCommercialSuppliersReviewDisplayName":["Succeeded"]},"metadata":{"operationMetadataId":"722ccd5a-07a9-4d44-930a-4a7c8fccafea"},"type":"InitializeVariable","inputs":{"variables":[{"name":"varSupplierTitle","type":"string"}]}},"Initialize_variable_-_SupplierName":{"runAfter":{"Initialize_variable_-_SupplierTitle":["Succeeded"]},"metadata":{"operationMetadataId":"d3058e03-ac25-4abe-bfa2-6a6c252004a4"},"type":"InitializeVariable","inputs":{"variables":[{"name":"varSupplierName","type":"string"}]}},"Initialize_variable_-_SupplierCompany":{"runAfter":{"Initialize_variable_-_SupplierName":["Succeeded"]},"metadata":{"operationMetadataId":"6f8b14ec-ddec-41af-bd22-e2ad35914c26"},"type":"InitializeVariable","inputs":{"variables":[{"name":"varSupplierCompany","type":"string"}]}},"Initialize_variable_-_SupplierEmail":{"runAfter":{"Initialize_variable_-_SupplierCompany":["Succeeded"]},"metadata":{"operationMetadataId":"871d13b8-c2fb-44e9-bd76-66e9f8b060ab"},"type":"InitializeVariable","inputs":{"variables":[{"name":"varSupplierEmail","type":"string"}]}},"Initialize_variable_-_varLegalDraftMail":{"runAfter":{"Initialize_variable_-_SupplierEmail":["Succeeded"]},"metadata":{"operationMetadataId":"8729ee84-aa57-44a2-9d35-ec68ea7c1191"},"type":"InitializeVariable","inputs":{"variables":[{"name":"varLegalDraftMail","type":"string"}]}},"Initialize_variable_-_varLegalDraftDisplayName_":{"runAfter":{"Initialize_variable_-_varLegalDraftMail":["Succeeded"]},"metadata":{"operationMetadataId":"654af7ef-c975-42e1-a85a-a8fea2a14529"},"type":"InitializeVariable","inputs":{"variables":[{"name":"varLegalDraffDisplayName","type":"string"}]}},"Initialize_variable_-_FileAttachmentContent":{"runAfter":{"Scope_-_PDF_Source_images_and_Contents":["Succeeded"]},"metadata":{"operationMetadataId":"2f990e1a-42eb-4430-8ab3-3a3a642d0052"},"type":"InitializeVariable","inputs":{"variables":[{"name":"FileAttachmentContent","type":"array"}]}},"Scope_-_CMS_-_Roles_Reassigned_Notifications":{"actions":{"Condition_3":{"actions":{"Condition_-_HOD_Role_Reassigned":{"actions":{"Send_an_email_(V2)_-_HOD_Role_Reassigned_Notify":{"runAfter":{},"metadata":{"operationMetadataId":"e969aada-0afc-4518-ad31-9bcdf12dba99"},"type":"OpenApiConnection","inputs":{"host":{"apiId":"/providers/Microsoft.PowerApps/apis/shared_office365","connectionName":"shared_office365_1","operationId":"SendEmailV2"},"parameters":{"emailMessage/To":"@{triggerOutputs()?['body/HODEmail']};","emailMessage/Subject":"CMS | HOD Role Reassigned for You - Contract ID -@{variables('ID')}","emailMessage/Body":"<p></p>Hi @{triggerOutputs()?['body/HOD']},<br>\n<br>\nThe HOD role is reassigned for you Contract ID : @{variables('ID')}.<br>\n<br>\nContract Reference No : @{variables('ID')}<br>\nCost Code : @{triggerOutputs()?['body/CostCode/Value']}<br>\nBudget Availability(USD) : @{triggerOutputs()?['body/BudgetAvailability_x0028_USD_x00/Value']}<br>\nSOW : @{triggerOutputs()?['body/SOW']}<br>\nContract Created By : @{triggerOutputs()?['body/Nameofuser/DisplayName']}<br>\n<br><br>\nLink : <a href=\"@{variables('varLinktoItem')}\">View item</a><br><br>\nThanks!","emailMessage/Importance":"Normal"},"authentication":"@parameters('$authentication')"}}},"runAfter":{},"expression":{"equals":["@triggerOutputs()?['body/HODReassigned/Value']","Yes"]},"metadata":{"operationMetadataId":"859aeb8e-ef50-418f-9eb3-c934cd484707"},"type":"If"},"Condition_-_CA_Role_Reassigned":{"actions":{"Send_an_email_(V2)_-_CA_Role_Reassigned_Notify":{"runAfter":{},"metadata":{"operationMetadataId":"ff7b606b-014e-4dec-ae29-6e4ce1628b21"},"type":"OpenApiConnection","inputs":{"host":{"apiId":"/providers/Microsoft.PowerApps/apis/shared_office365","connectionName":"shared_office365_1","operationId":"SendEmailV2"},"parameters":{"emailMessage/To":"@{triggerOutputs()?['body/SPOC/Email']};","emailMessage/Subject":"CMS | CA Role Reassigned for You - Contract ID -@{variables('ID')}","emailMessage/Body":"<p></p>Hi @{triggerOutputs()?['body/SPOC/DisplayName']},<br>\n<br>\nThe CA role is reassigned for you Contract ID : @{variables('ID')}.<br>\n<br>\nContract Reference No : @{variables('ID')}<br>\nCost Code : @{triggerOutputs()?['body/CostCode/Value']}<br>\nBudget Availability(USD) : @{triggerOutputs()?['body/BudgetAvailability_x0028_USD_x00/Value']}<br>\nSOW : @{triggerOutputs()?['body/SOW']}<br>\nContract Created By : @{triggerOutputs()?['body/Nameofuser/DisplayName']}<br>\n<br><br>\nLink : <a href=\"@{variables('varLinktoItem')}\">View item</a><br><br>\nThanks!","emailMessage/Importance":"Normal"},"authentication":"@parameters('$authentication')"}}},"runAfter":{"Condition_-_HOD_Role_Reassigned":["Succeeded"]},"expression":{"equals":["@triggerOutputs()?['body/CAReassigned/Value']","Yes"]},"metadata":{"operationMetadataId":"a80fcc24-f853-4c3a-9744-85e1adba3c73"},"type":"If"},"Condition_-_SME_Role_Reassigned":{"actions":{"Send_an_email_(V2)_-_SME_Role_Reassigned_Notify":{"runAfter":{},"metadata":{"operationMetadataId":"578ef0db-469a-4ab5-ad92-a2f343653c0b"},"type":"OpenApiConnection","inputs":{"host":{"apiId":"/providers/Microsoft.PowerApps/apis/shared_office365","connectionName":"shared_office365_1","operationId":"SendEmailV2"},"parameters":{"emailMessage/To":"@{triggerOutputs()?['body/SubjectExpertMattersEmail']};","emailMessage/Subject":"CMS | SME Role Reassigned for You - Contract ID -@{variables('ID')}","emailMessage/Body":"<p></p>Hi @{triggerOutputs()?['body/SubjectExperties']},<br>\n<br>\nThe SME role is reassigned for you Contract ID : @{variables('ID')}.<br>\n<br>\nContract Reference No : @{variables('ID')}<br>\nCost Code : @{triggerOutputs()?['body/CostCode/Value']}<br>\nBudget Availability(USD) : @{triggerOutputs()?['body/BudgetAvailability_x0028_USD_x00/Value']}<br>\nSOW : @{triggerOutputs()?['body/SOW']}<br>\nContract Created By : @{triggerOutputs()?['body/Nameofuser/DisplayName']}<br>\n<br><br>\nLink : <a href=\"@{variables('varLinktoItem')}\">View item</a><br><br>\nThanks!","emailMessage/Importance":"Normal"},"authentication":"@parameters('$authentication')"}}},"runAfter":{"Condition_-_CA_Role_Reassigned":["Succeeded"]},"expression":{"equals":["@triggerOutputs()?['body/SMEReassigned/Value']","Yes"]},"metadata":{"operationMetadataId":"46b8e23e-e554-4799-8441-1c02cd55dbb3"},"type":"If"},"Terminate":{"runAfter":{"Condition_-_SME_Role_Reassigned":["Succeeded"]},"metadata":{"operationMetadataId":"3755afc1-d24e-4f8e-a1c4-f1b7024797ec"},"type":"Terminate","inputs":{"runStatus":"Succeeded"}}},"runAfter":{},"expression":{"equals":["@triggerOutputs()?['body/RolesReassigned/Value']","Yes"]},"metadata":{"operationMetadataId":"2cbe97d3-84f9-4491-9d27-ef682b8b45de"},"type":"If"}},"runAfter":{"Scope_-_Get_Current_Contract_Suppliers_details":["Succeeded"]},"metadata":{"operationMetadataId":"7159a0dc-f1f6-411a-b882-7833d59a9692"},"type":"Scope"},"Initialize_variable_-_varCurrentContractDOAsEmails":{"runAfter":{"Initialize_variable_-_FileAttachmentContent":["Succeeded"]},"metadata":{"operationMetadataId":"1291abcc-03cb-4e99-bfb5-e4876dd0afec"},"type":"InitializeVariable","inputs":{"variables":[{"name":"varCurrentContractDOAsEmails","type":"string"}]}},"Scope_-_PDF_Source_images_and_Contents":{"actions":{"Get_file_content-Header":{"runAfter":{},"metadata":{"%252fPDF%252fScreenshot%2bfrom%2b2023-10-26%2b12-09-39.png":"/PDF/Screenshot from 2023-10-26 12-09-39.png","operationMetadataId":"1527886e-5341-43c0-9a54-61e09fdb320c"},"type":"OpenApiConnection","inputs":{"host":{"apiId":"/providers/Microsoft.PowerApps/apis/shared_sharepointonline","connectionName":"shared_sharepointonline_1","operationId":"GetFileContent"},"parameters":{"dataset":"https://altrocks1.sharepoint.com/sites/KAMOAAFC","id":"%252fPDF%252fScreenshot%2bfrom%2b2023-10-26%2b12-09-39.png","inferContentType":true},"authentication":"@parameters('$authentication')"}},"Compose_-_Header":{"runAfter":{"Get_file_content-Header":["Succeeded"]},"metadata":{"operationMetadataId":"b7f1ec09-005d-4bcb-a87c-eb28e6f05acc"},"type":"Compose","inputs":"@base64(outputs('Get_file_content-Header')?['body'])"},"Get_file_content-Footer":{"runAfter":{"Compose_-_Header":["Succeeded"]},"metadata":{"%252fPDF%252fScreenshot%2bfrom%2b2023-10-26%2b12-14-01.png":"/PDF/Screenshot from 2023-10-26 12-14-01.png","operationMetadataId":"9c8c882b-3d86-4b47-9034-bfec6bf24de8"},"type":"OpenApiConnection","inputs":{"host":{"apiId":"/providers/Microsoft.PowerApps/apis/shared_sharepointonline","connectionName":"shared_sharepointonline_1","operationId":"GetFileContent"},"parameters":{"dataset":"https://altrocks1.sharepoint.com/sites/KAMOAAFC","id":"%252fPDF%252fScreenshot%2bfrom%2b2023-10-26%2b12-14-01.png","inferContentType":true},"authentication":"@parameters('$authentication')"}},"Compose_-_Footer_":{"runAfter":{"Get_file_content-Footer":["Succeeded"]},"metadata":{"operationMetadataId":"1c6bda60-5dac-4802-a516-72cf94fe2bb5"},"type":"Compose","inputs":"@base64(outputs('Get_file_content-Footer')?['body'])"},"Get_file_content-Logo_Image":{"runAfter":{"Compose_-_Footer_":["Succeeded"]},"metadata":{"%252fPDF%252flogo-1.png":"/PDF/logo-1.png","operationMetadataId":"2202b739-f228-4650-baa9-3032c4ebdd0e"},"type":"OpenApiConnection","inputs":{"host":{"apiId":"/providers/Microsoft.PowerApps/apis/shared_sharepointonline","connectionName":"shared_sharepointonline_1","operationId":"GetFileContent"},"parameters":{"dataset":"https://altrocks1.sharepoint.com/sites/KAMOAAFC","id":"%252fPDF%252flogo-1.png","inferContentType":true},"authentication":"@parameters('$authentication')"}},"Compose_-_Logo":{"runAfter":{"Get_file_content-Logo_Image":["Succeeded"]},"metadata":{"operationMetadataId":"a9e809b6-4cd0-42b6-93c8-52650c877b5d"},"type":"Compose","inputs":"@base64(outputs('Get_file_content-Logo_Image')?['body'])"}},"runAfter":{"Scope_-_CMS_-_Roles_Reassigned_Notifications":["Succeeded"]},"metadata":{"operationMetadataId":"8d3bcb00-9316-4b37-abbe-f2010481f69e"},"type":"Scope"}}},"connectionReferences":{"shared_office365_1":{"connectionName":"31b16f8fc9a64211a93aacff3daef7c5","source":"Embedded","id":"/providers/Microsoft.PowerApps/apis/shared_office365","tier":"NotSpecified"},"shared_sharepointonline":{"connectionName":"36240c4188654169bfe2e9109ed39cff","source":"Embedded","id":"/providers/Microsoft.PowerApps/apis/shared_sharepointonline","tier":"NotSpecified"},"shared_sharepointonline_2":{"connectionName":"84ca8182c9b145d09c58499171490989","source":"Embedded","id":"/providers/Microsoft.PowerApps/apis/shared_sharepointonline","tier":"NotSpecified"},"shared_office365":{"connectionName":"7dc39f3be53d4673818a50a9ff1c53c9","source":"Embedded","id":"/providers/Microsoft.PowerApps/apis/shared_office365","tier":"NotSpecified"},"shared_sharepointonline_1":{"connectionName":"2a33a87092974aa7bc14e5a23f07659c","source":"Embedded","id":"/providers/Microsoft.PowerApps/apis/shared_sharepointonline","tier":"NotSpecified"}},"flowFailureAlertSubscribed":false,"isManaged":false}}