{"name":"58f7f0f9-124c-4a79-a02a-7c5cfe26c53f","id":"/providers/Microsoft.Flow/flows/58f7f0f9-124c-4a79-a02a-7c5cfe26c53f","type":"Microsoft.Flow/flows","properties":{"apiId":"/providers/Microsoft.PowerApps/apis/shared_logicflows","displayName":"Flow With Image","definition":{"metadata":{"workflowEntityId":null,"processAdvisorMetadata":null,"flowChargedByPaygo":null,"flowclientsuspensionreason":"None","flowclientsuspensiontime":null,"flowclientsuspensionreasondetails":null,"creator":{"id":"826129cf-f8ce-4c46-bcfe-c1603813320b","type":"User","tenantId":"b6f3e1a7-7faa-498e-8cce-98f6238cc2be"},"provisioningMethod":"FromDefinition","failureAlertSubscription":true,"clientLastModifiedTime":"2024-02-12T17:17:29.8982985Z","connectionKeySavedTimeKey":"2024-02-12T17:17:29.8982985Z"},"$schema":"https://schema.management.azure.com/providers/Microsoft.Logic/schemas/2016-06-01/workflowdefinition.json#","contentVersion":"1.0.0.0","parameters":{"$connections":{"defaultValue":{},"type":"Object"},"$authentication":{"defaultValue":{},"type":"SecureObject"}},"triggers":{"When_an_item_is_created_or_modified":{"recurrence":{"frequency":"Minute","interval":15},"splitOn":"@triggerOutputs()?['body/value']","metadata":{"operationMetadataId":"c0b31c73-6927-4c76-82a1-00988dc2f328"},"type":"OpenApiConnection","inputs":{"host":{"apiId":"/providers/Microsoft.PowerApps/apis/shared_sharepointonline","connectionName":"shared_sharepointonline","operationId":"GetOnUpdatedItems"},"parameters":{"dataset":"https://icaniotechnologies368.sharepoint.com/sites/Test","table":"39fe7b0c-15a8-47ac-8b0f-9d3c66461336"},"authentication":"@parameters('$authentication')"}}},"actions":{"Send_an_HTTP_request_to_SharePoint":{"runAfter":{},"metadata":{"operationMetadataId":"c89bd169-5e25-4b16-a073-8bcf40cdcf37"},"type":"OpenApiConnection","inputs":{"host":{"apiId":"/providers/Microsoft.PowerApps/apis/shared_sharepointonline","connectionName":"shared_sharepointonline","operationId":"HttpRequest"},"parameters":{"dataset":"https://icaniotechnologies368.sharepoint.com/sites/Test","parameters/method":"GET","parameters/uri":"_api/web/lists/getbytitle('IdentityRecognitionForm')/items(@{triggerOutputs()?['body/ID']})/UploadPhoto"},"authentication":"@parameters('$authentication')"}},"Parse_JSON":{"runAfter":{"Send_an_HTTP_request_to_SharePoint":["Succeeded"]},"metadata":{"operationMetadataId":"ed71debc-aed0-4a90-9347-433cdc437020"},"type":"ParseJson","inputs":{"content":"@body('Send_an_HTTP_request_to_SharePoint')","schema":{"type":"object","properties":{"d":{"type":"object","properties":{"UploadPhoto":{"type":"string"}}}}}}},"Parse_JSON_2":{"runAfter":{"Parse_JSON":["Succeeded"]},"metadata":{"operationMetadataId":"a1c3e066-327e-48f5-a4d4-d3cddc17256a"},"type":"ParseJson","inputs":{"content":"@body('Parse_JSON')?['d']?['UploadPhoto']","schema":{"type":"object","properties":{"type":{"type":"string"},"fileName":{"type":"string"},"fieldName":{"type":"string"},"serverUrl":{"type":"string"},"serverRelativeUrl":{"type":"string"},"id":{"type":"string"}}}}},"Get_file_content":{"runAfter":{"Parse_JSON_2":["Succeeded"]},"metadata":{"operationMetadataId":"09565846-c2c7-44c2-99cd-d76fe95c2714"},"type":"OpenApiConnection","inputs":{"host":{"apiId":"/providers/Microsoft.PowerApps/apis/shared_sharepointonline","connectionName":"shared_sharepointonline","operationId":"GetFileContent"},"parameters":{"dataset":"https://icaniotechnologies368.sharepoint.com/sites/Test","id":"@encodeUriComponent(replace(body('Parse_JSON_2')?['serverRelativeUrl'],'/sites/Test',''))","inferContentType":true},"authentication":"@parameters('$authentication')"}},"Send_an_email_(V2)":{"runAfter":{"Get_file_content":["Succeeded"]},"metadata":{"operationMetadataId":"75c9e394-6dd6-4c40-ba16-d6ea38ba5049"},"type":"OpenApiConnection","inputs":{"host":{"apiId":"/providers/Microsoft.PowerApps/apis/shared_office365","connectionName":"shared_office365","operationId":"SendEmailV2"},"parameters":{"emailMessage/To":"Lisani@IcanioTechnologies368.onmicrosoft.com","emailMessage/Subject":"HI,@{triggerOutputs()?['body/Name']}","emailMessage/Body":"\n\n<p></p>Hi @{triggerOutputs()?['body/Name']},<br>\n<br>\nPlease Choose Approvers and move further. Contract ID - @{triggerOutputs()?['body/Gender/Value']}.<br>\n<br>\nContract Reference No : @{triggerOutputs()?['body/Email']}<br>\nCost Code : <br>\nBudget Availability(USD) : <br>\nSOW : <br>\nContract Created By : <br>\n<br><br>\n<img src='data:image/png;base64,@{base64(outputs('Get_file_content')?['body'])}'/>\n<br><br>\nLink : <a href=\"\">View item</a><br>\n<br>\nThanks!,<br>\nCMS Admin","emailMessage/Importance":"Normal"},"authentication":"@parameters('$authentication')"}}}},"connectionReferences":{"shared_sharepointonline":{"connectionName":"0b1ae5cd179a4e61b0f069b0f04db58a","source":"Embedded","id":"/providers/Microsoft.PowerApps/apis/shared_sharepointonline","tier":"NotSpecified"},"shared_office365":{"connectionName":"bc2844c6e3d54373a77e44911b4d1399","source":"Embedded","id":"/providers/Microsoft.PowerApps/apis/shared_office365","tier":"NotSpecified"}},"flowFailureAlertSubscribed":false,"isManaged":false}}