{"name":"8a7c05fc-244b-403d-bc43-7fcce2b8cd31","id":"/providers/Microsoft.Flow/flows/8a7c05fc-244b-403d-bc43-7fcce2b8cd31","type":"Microsoft.Flow/flows","properties":{"apiId":"/providers/Microsoft.PowerApps/apis/shared_logicflows","displayName":"09/02/2024 Copy of - Contract Management System | Overall Score Export to Excel | Dev","definition":{"metadata":{"workflowEntityId":null,"processAdvisorMetadata":null,"flowChargedByPaygo":null,"flowclientsuspensionreason":"None","flowclientsuspensiontime":null,"flowclientsuspensionreasondetails":null,"creator":{"id":"b94a84e3-f24d-4c15-a051-4a39ace391a2","type":"User","tenantId":"fd0f42ac-7bf0-471b-a9f0-5d5901a847f2"},"provisioningMethod":"FromDefinition","failureAlertSubscription":true,"clientLastModifiedTime":"2024-02-20T08:54:17.8608191Z","connectionKeySavedTimeKey":"2024-02-09T10:28:59.4302208Z"},"$schema":"https://schema.management.azure.com/providers/Microsoft.Logic/schemas/2016-06-01/workflowdefinition.json#","contentVersion":"1.0.0.0","parameters":{"$connections":{"defaultValue":{},"type":"Object"},"$authentication":{"defaultValue":{},"type":"SecureObject"}},"triggers":{"manual":{"metadata":{"operationMetadataId":"7d80a82e-a823-428c-be02-a1511e9fe435"},"type":"Request","kind":"PowerAppV2","inputs":{"schema":{"type":"object","properties":{"number":{"title":"ID","type":"number","x-ms-dynamically-added":true,"description":"Please enter a number","x-ms-content-hint":"NUMBER"},"email":{"title":"Email","type":"string","format":"email","x-ms-dynamically-added":true,"description":"Please enter an e-mail address","x-ms-content-hint":"EMAIL"}},"required":["number","email"]}}}},"actions":{"Get_items_From_Supplier_Registration_Form":{"runAfter":{"Initialize_variable-UID_Creation":["Succeeded"]},"metadata":{"operationMetadataId":"299656b3-c911-45ad-a541-c983bd403354"},"type":"OpenApiConnection","inputs":{"host":{"apiId":"/providers/Microsoft.PowerApps/apis/shared_sharepointonline","connectionName":"shared_sharepointonline","operationId":"GetItems"},"parameters":{"dataset":"https://altrocks1.sharepoint.com/sites/KAMOAAFC","table":"89432626-fb61-4eeb-bf77-556fd195ce89","$filter":"ContractID eq '@{triggerBody()['number']}'"},"authentication":{"value":"@json(decodeBase64(triggerOutputs().headers['X-MS-APIM-Tokens']))['$ConnectionKey']","type":"Raw"}}},"Get_items_-Commercial_Proposal":{"runAfter":{"Get_items_From_Supplier_Registration_Form":["Succeeded"]},"metadata":{"operationMetadataId":"d0577252-2f3d-48ad-848e-4c3048550962"},"type":"OpenApiConnection","inputs":{"host":{"apiId":"/providers/Microsoft.PowerApps/apis/shared_sharepointonline","connectionName":"shared_sharepointonline","operationId":"GetItems"},"parameters":{"dataset":"https://altrocks1.sharepoint.com/sites/KAMOAAFC","table":"74604ac5-b5ba-43ab-8d75-8187f283409e","$filter":"ContractID eq '@{triggerBody()['number']}'  "},"authentication":{"value":"@json(decodeBase64(triggerOutputs().headers['X-MS-APIM-Tokens']))['$ConnectionKey']","type":"Raw"}}},"Get_items_-Commercial_Overall_Score_":{"runAfter":{"Get_items_-Commercial_Proposal":["Succeeded"]},"metadata":{"operationMetadataId":"816c7f00-94c4-4540-aa3f-a00693e280c7"},"type":"OpenApiConnection","inputs":{"host":{"apiId":"/providers/Microsoft.PowerApps/apis/shared_sharepointonline","connectionName":"shared_sharepointonline","operationId":"GetItems"},"parameters":{"dataset":"https://altrocks1.sharepoint.com/sites/KAMOAAFC","table":"ff4975bc-51fe-48a7-a67f-b80a1b3da41a","$filter":"Contract_x0020_ID eq '@{triggerBody()['number']}'  "},"authentication":{"value":"@json(decodeBase64(triggerOutputs().headers['X-MS-APIM-Tokens']))['$ConnectionKey']","type":"Raw"}}},"Get_item_-_Contract_Info":{"runAfter":{},"metadata":{"operationMetadataId":"2021ad56-b0ee-44c3-90c9-33300d79e144"},"type":"OpenApiConnection","inputs":{"host":{"apiId":"/providers/Microsoft.PowerApps/apis/shared_sharepointonline","connectionName":"shared_sharepointonline_1","operationId":"GetItem"},"parameters":{"dataset":"https://altrocks1.sharepoint.com/sites/KAMOAAFC","table":"307b56f3-760d-4f6f-9881-5eec9d2d7deb","id":"@triggerBody()['number']"},"authentication":{"value":"@json(decodeBase64(triggerOutputs().headers['X-MS-APIM-Tokens']))['$ConnectionKey']","type":"Raw"}}},"Initialize_variable_-_varCommercialScores":{"runAfter":{"Scope_-_Excel_table_and_Headers_Creations":["Succeeded"]},"metadata":{"operationMetadataId":"a535396d-ec27-4174-97cb-c020b8d235ad"},"type":"InitializeVariable","inputs":{"variables":[{"name":"varCommercialScores","type":"string"}]}},"Scope_-_Excel_File_Creation_and_Update_ContractID":{"actions":{"Get_file_content_2":{"runAfter":{},"metadata":{"%252fExported%2bPDFs%252fSupplier%2btable%252fBook.xlsx":"/Exported PDFs/Supplier table/Book.xlsx","operationMetadataId":"9aeb44ce-b643-4e0b-b261-a718624ea21c","%252fCMS_Overall%2bScore%2bExcel%2bReports%252fTemplate%252fBook.xlsx":"/CMS_Overall Score Excel Reports/Template/Book.xlsx"},"type":"OpenApiConnection","inputs":{"host":{"apiId":"/providers/Microsoft.PowerApps/apis/shared_sharepointonline","connectionName":"shared_sharepointonline","operationId":"GetFileContent"},"parameters":{"dataset":"https://altrocks1.sharepoint.com/sites/KAMOAAFC","id":"%252fCMS_Overall%2bScore%2bExcel%2bReports%252fTemplate%252fBook.xlsx","inferContentType":true},"authentication":{"value":"@json(decodeBase64(triggerOutputs().headers['X-MS-APIM-Tokens']))['$ConnectionKey']","type":"Raw"}}},"Create_file_2":{"runAfter":{"Get_file_content_2":["Succeeded"]},"metadata":{"operationMetadataId":"45fd9151-3207-495e-8f76-936a7d1edc2c"},"type":"OpenApiConnection","inputs":{"host":{"apiId":"/providers/Microsoft.PowerApps/apis/shared_sharepointonline","connectionName":"shared_sharepointonline","operationId":"CreateFile"},"parameters":{"dataset":"https://altrocks1.sharepoint.com/sites/KAMOAAFC","folderPath":"/CMS_Overall Score Excel Reports","name":"@{variables('varUID')}-@{utcNow()}.xlsx","body":"@body('Get_file_content_2')"},"authentication":{"value":"@json(decodeBase64(triggerOutputs().headers['X-MS-APIM-Tokens']))['$ConnectionKey']","type":"Raw"}},"runtimeConfiguration":{"contentTransfer":{"transferMode":"Chunked"}}},"Update_file_properties-update_Contract_id":{"runAfter":{"Create_file_2":["Succeeded"]},"metadata":{"operationMetadataId":"f5404b56-47e6-48e9-b3c6-fbd31512b3f1"},"type":"OpenApiConnection","inputs":{"host":{"apiId":"/providers/Microsoft.PowerApps/apis/shared_sharepointonline","connectionName":"shared_sharepointonline","operationId":"PatchFileItem"},"parameters":{"dataset":"https://altrocks1.sharepoint.com/sites/KAMOAAFC","table":"910080c8-8b29-4a68-91d1-eaa19f73f549","id":"@outputs('Create_file_2')?['body/ItemId']","item/ContractID":"@triggerBody()['number']"},"authentication":{"value":"@json(decodeBase64(triggerOutputs().headers['X-MS-APIM-Tokens']))['$ConnectionKey']","type":"Raw"}}}},"runAfter":{"Get_items_TechnicalOverallScore":["Succeeded"]},"metadata":{"operationMetadataId":"c7000bbb-1051-4a0b-a6d5-818b43219c48"},"type":"Scope"},"Initialize_variable_-_varCommercialHeaders":{"runAfter":{"Initialize_variable_-_varWeightedScoreHeaders":["Succeeded"]},"metadata":{"operationMetadataId":"73352b02-2eb9-4fba-b780-ee6efe3691a4"},"type":"InitializeVariable","inputs":{"variables":[{"name":"varCommercialHeaders","type":"string","value":"{\n   \"@{outputs('Get_item_-_Contract_Info')?['body/UID']}\": \"COMMERCIAL\",\n  \"_\": \" \""}]}},"Initialize_variable_-_varWeightedScoreHeaders":{"runAfter":{"Initialize_variable_-_varSupplierHeaders":["Succeeded"]},"metadata":{"operationMetadataId":"73352b02-2eb9-4fba-b780-ee6efe3691a4"},"type":"InitializeVariable","inputs":{"variables":[{"name":"varWeightedScoreHeaders","type":"string","value":"{\n   \"@{outputs('Get_item_-_Contract_Info')?['body/UID']}\": \" \",\n  \"_\": \"Weighting\""}]}},"Initialize_variable_-_varSupplierHeaders":{"runAfter":{"Scope_-_Excel_File_Creation_and_Update_ContractID":["Succeeded"]},"metadata":{"operationMetadataId":"ae8db00c-253c-4e4a-84a3-58643131a3ba"},"type":"InitializeVariable","inputs":{"variables":[{"name":"varSupplierHeaders","type":"string","value":"@{outputs('Get_item_-_Contract_Info')?['body/UID']},_,"}]}},"Scope_-_Excel_table_and_Headers_Creations":{"actions":{"Apply_to_each_-_SuppliersNameHeaders":{"foreach":"@outputs('Get_items_From_Supplier_Registration_Form')?['body/value']","actions":{"Append_to_string_variable_-_varSupplierHeaders":{"runAfter":{},"metadata":{"operationMetadataId":"61030752-cfe2-4b94-9d3d-f6ee46acbac0"},"type":"AppendToStringVariable","inputs":{"name":"varSupplierHeaders","value":"@{items('Apply_to_each_-_SuppliersNameHeaders')?['ID']},@{items('Apply_to_each_-_SuppliersNameHeaders')?['Company_x002f_OrgName']},"}},"Append_to_string_variable_-_WeightedScoreHeaders_1":{"runAfter":{"Append_to_string_variable_-_varSupplierHeaders":["Succeeded"]},"metadata":{"operationMetadataId":"e7dc5227-2db1-4c99-8b20-c824cf6de204"},"type":"AppendToStringVariable","inputs":{"name":"varWeightedScoreHeaders","value":",\n\"@{items('Apply_to_each_-_SuppliersNameHeaders')?['ID']}\": \"%\""}},"Append_to_string_variable_-_WeightedScoreHeaders_2":{"runAfter":{"Append_to_string_variable_-_WeightedScoreHeaders_1":["Succeeded"]},"metadata":{"operationMetadataId":"a315157c-8bab-4cd2-9e6d-b8935f18eece"},"type":"AppendToStringVariable","inputs":{"name":"varWeightedScoreHeaders","value":",\n\"@{items('Apply_to_each_-_SuppliersNameHeaders')?['Company_x002f_OrgName']}\": \"Weighted Score\""}},"Append_to_string_variable_-_varCommercialHeaders_1":{"runAfter":{"Append_to_string_variable_-_WeightedScoreHeaders_2":["Succeeded"]},"metadata":{"operationMetadataId":"e7dc5227-2db1-4c99-8b20-c824cf6de204"},"type":"AppendToStringVariable","inputs":{"name":"varCommercialHeaders","value":",\n\"@{items('Apply_to_each_-_SuppliersNameHeaders')?['ID']}\": \" \""}},"Append_to_string_variable_-_varCommercialHeaders_2":{"runAfter":{"Append_to_string_variable_-_varCommercialHeaders_1":["Succeeded"]},"metadata":{"operationMetadataId":"a315157c-8bab-4cd2-9e6d-b8935f18eece"},"type":"AppendToStringVariable","inputs":{"name":"varCommercialHeaders","value":",\n\"@{items('Apply_to_each_-_SuppliersNameHeaders')?['Company_x002f_OrgName']}\": \" \""}}},"runAfter":{},"metadata":{"operationMetadataId":"6e71d9b9-9ef1-4c81-8f52-c9910f018f51"},"type":"Foreach"},"Append_to_string_variable_-_WeightedScoreHeaders_3":{"runAfter":{"Apply_to_each_-_SuppliersNameHeaders":["Succeeded"]},"metadata":{"operationMetadataId":"b2c0f99c-92a3-4aec-8edf-f97050df8d24"},"type":"AppendToStringVariable","inputs":{"name":"varWeightedScoreHeaders","value":"\n}"}},"Append_to_string_variable_-_varCommercialHeaders_3":{"runAfter":{"Append_to_string_variable_-_WeightedScoreHeaders_3":["Succeeded"]},"metadata":{"operationMetadataId":"b2c0f99c-92a3-4aec-8edf-f97050df8d24"},"type":"AppendToStringVariable","inputs":{"name":"varWeightedScoreHeaders","value":"\n}"}},"Parse_JSON_-_WeightedScoreHeaders":{"runAfter":{"Append_to_string_variable_-_varCommercialHeaders_3":["Succeeded"]},"metadata":{"operationMetadataId":"db92b5ef-d43a-4e7d-997e-d51bab87c6ee"},"type":"ParseJson","inputs":{"content":"@variables('varWeightedScoreHeaders')","schema":{"type":"object","properties":{"354":{"type":"string"},"355":{"type":"string"},"356":{"type":"string"},"1013-KCSA-CMS-00376":{"type":"string"},"_":{"type":"string"},"Sakthi":{"type":"string"},"Rajasekar":{"type":"string"},"Amirtharaj":{"type":"string"}}}}},"Compose_-_WeightedScoreHeaders":{"runAfter":{"Parse_JSON_-_WeightedScoreHeaders":["Succeeded"]},"metadata":{"operationMetadataId":"7e1487a2-0f9d-44fe-a590-4c10f2c60a8e"},"type":"Compose","inputs":"@body('Parse_JSON_-_WeightedScoreHeaders')"},"Parse_JSON_-_CommercialHeaders":{"runAfter":{"Compose_-_WeightedScoreHeaders":["Succeeded"]},"metadata":{"operationMetadataId":"616b3ad7-2872-4d51-8467-0943bc54b8c5"},"type":"ParseJson","inputs":{"content":"@variables('varCommercialHeaders')","schema":{"type":"object","properties":{"type":{"type":"string"},"properties":{"type":"object","properties":{"354":{"type":"object","properties":{"type":{"type":"string"}}},"355":{"type":"object","properties":{"type":{"type":"string"}}},"356":{"type":"object","properties":{"type":{"type":"string"}}},"1013-KCSA-CMS-00376":{"type":"object","properties":{"type":{"type":"string"}}},"_":{"type":"object","properties":{"type":{"type":"string"}}},"Sakthi":{"type":"object","properties":{"type":{"type":"string"}}},"Rajasekar":{"type":"object","properties":{"type":{"type":"string"}}},"Amirtharaj":{"type":"object","properties":{"type":{"type":"string"}}}}}}}}},"Compose_-_CommercialHeaders":{"runAfter":{"Parse_JSON_-_CommercialHeaders":["Succeeded"]},"metadata":{"operationMetadataId":"ecbd33d7-0ff6-4f7e-84ba-b67ef449b88f"},"type":"Compose","inputs":"@body('Parse_JSON_-_CommercialHeaders')"},"Create_table_2":{"runAfter":{"Compose_-_CommercialHeaders":["Succeeded"]},"metadata":{"operationMetadataId":"5e464e48-60f0-4206-a656-767019cd6fd9","tableId":null},"type":"OpenApiConnection","inputs":{"host":{"apiId":"/providers/Microsoft.PowerApps/apis/shared_excelonlinebusiness","connectionName":"shared_excelonlinebusiness","operationId":"CreateTable"},"parameters":{"source":"sites/altrocks1.sharepoint.com,3bd8b1c6-ebff-4275-b147-e6d024563aa9,729df3af-798d-4725-8ec1-ba4b6140a34b","drive":"b!xrHYO__rdUKxR-bQJFY6qa_znXKNeSVHjsG6S2FAo0vIgACRKYtoSpHR6qGfc_VJ","file":"@outputs('Create_file_2')?['body/Id']","table/Range":"$A1:F1","table/TableName":"_Supplierinfo","table/ColumnsNames":"@variables('varSupplierHeaders')"},"authentication":{"value":"@json(decodeBase64(triggerOutputs().headers['X-MS-APIM-Tokens']))['$ConnectionKey']","type":"Raw"}}},"Add_a_row_into_a_table_-_WeightedScoreHeaders":{"runAfter":{"Create_table_2":["Succeeded"]},"metadata":{"operationMetadataId":"26f75541-e0c3-4023-924e-ca8c657efc33","tableId":"@outputs('Create_table_2')?['body/name']"},"type":"OpenApiConnection","inputs":{"host":{"apiId":"/providers/Microsoft.PowerApps/apis/shared_excelonlinebusiness","connectionName":"shared_excelonlinebusiness","operationId":"AddRowV2"},"parameters":{"source":"sites/altrocks1.sharepoint.com,3bd8b1c6-ebff-4275-b147-e6d024563aa9,729df3af-798d-4725-8ec1-ba4b6140a34b","drive":"b!xrHYO__rdUKxR-bQJFY6qa_znXKNeSVHjsG6S2FAo0vIgACRKYtoSpHR6qGfc_VJ","file":"@outputs('Create_file_2')?['body/Id']","table":"@outputs('Create_table_2')?['body/name']","item":"@outputs('Compose_-_WeightedScoreHeaders')"},"authentication":{"value":"@json(decodeBase64(triggerOutputs().headers['X-MS-APIM-Tokens']))['$ConnectionKey']","type":"Raw"}}},"Add_a_row_into_a_table_-_CommercialHeaders":{"runAfter":{"Add_a_row_into_a_table_-_WeightedScoreHeaders":["Succeeded"]},"metadata":{"operationMetadataId":"26f75541-e0c3-4023-924e-ca8c657efc33","tableId":"@outputs('Create_table_2')?['body/name']"},"type":"OpenApiConnection","inputs":{"host":{"apiId":"/providers/Microsoft.PowerApps/apis/shared_excelonlinebusiness","connectionName":"shared_excelonlinebusiness","operationId":"AddRowV2"},"parameters":{"source":"sites/altrocks1.sharepoint.com,3bd8b1c6-ebff-4275-b147-e6d024563aa9,729df3af-798d-4725-8ec1-ba4b6140a34b","drive":"b!xrHYO__rdUKxR-bQJFY6qa_znXKNeSVHjsG6S2FAo0vIgACRKYtoSpHR6qGfc_VJ","file":"@outputs('Create_file_2')?['body/Id']","table":"@outputs('Create_table_2')?['body/name']","item":"@outputs('Compose_-_CommercialHeaders')"},"authentication":{"value":"@json(decodeBase64(triggerOutputs().headers['X-MS-APIM-Tokens']))['$ConnectionKey']","type":"Raw"}}}},"runAfter":{"Initialize_variable_-_varCommercialHeaders":["Succeeded"]},"metadata":{"operationMetadataId":"1cd9426b-5f7b-44c2-bf7c-e3ec6fa25a4c"},"type":"Scope"},"Scope_-_Create_Commercial_Scores_in_Excel":{"actions":{"Apply_to_each_-_CommercialScores":{"foreach":"@outputs('Get_items_-Commercial_Proposal')?['body/value']","actions":{"Apply_to_each_-_Supplier_Reg_list":{"foreach":"@outputs('Get_items_From_Supplier_Registration_Form')?['body/value']","actions":{"Get_items_-_Commercial_Overall_Score":{"runAfter":{},"metadata":{"operationMetadataId":"6910e93a-2853-4edd-b84f-cb23db79d444"},"type":"OpenApiConnection","inputs":{"host":{"apiId":"/providers/Microsoft.PowerApps/apis/shared_sharepointonline","connectionName":"shared_sharepointonline_1","operationId":"GetItems"},"parameters":{"dataset":"https://altrocks1.sharepoint.com/sites/KAMOAAFC","table":"ff4975bc-51fe-48a7-a67f-b80a1b3da41a","$filter":"Supplier_x0020_ID eq '@{items('Apply_to_each_-_Supplier_Reg_list')?['ID']}' and Description eq '@{items('Apply_to_each_-_CommercialScores')?['Description']}'\n"},"authentication":{"value":"@json(decodeBase64(triggerOutputs().headers['X-MS-APIM-Tokens']))['$ConnectionKey']","type":"Raw"}}},"Apply_to_each":{"foreach":"@outputs('Get_items_-_Commercial_Overall_Score')?['body/value']","actions":{"Append_to_string_variable_-_varCommercialScores_2":{"runAfter":{},"metadata":{"operationMetadataId":"6ba0c5e9-23e9-4472-9d46-2abea6844248"},"type":"AppendToStringVariable","inputs":{"name":"varCommercialScores","value":",\n\"@{items('Apply_to_each_-_Supplier_Reg_list')?['ID']}\": \"@{items('Apply_to_each')?['Weighted_x0020_Score_x0020_Perce']}\""}},"Append_to_string_variable_-_varCommercialScores_3":{"runAfter":{"Append_to_string_variable_-_varCommercialScores_2":["Succeeded"]},"metadata":{"operationMetadataId":"641b4c13-ffbe-4c2c-aadd-2d2c4ba8d2d8"},"type":"AppendToStringVariable","inputs":{"name":"varCommercialScores","value":",\n\"@{items('Apply_to_each_-_Supplier_Reg_list')?['Company_x002f_OrgName']}\": \"@{items('Apply_to_each')?['Weighted_x0020_Score']}\""}}},"runAfter":{"Get_items_-_Commercial_Overall_Score":["Succeeded"]},"metadata":{"operationMetadataId":"d29ae585-a66a-4d05-894d-3ba18706d241"},"type":"Foreach"}},"runAfter":{"Append_to_string_variable_-_varCommercialScores_1":["Succeeded"]},"metadata":{"operationMetadataId":"3f5772f5-cfc0-49e7-b30e-f1650dec210d"},"type":"Foreach"},"Append_to_string_variable_-_varCommercialScores_4":{"runAfter":{"Apply_to_each_-_Supplier_Reg_list":["Succeeded"]},"metadata":{"operationMetadataId":"9288c782-b395-481b-9abe-5beaa9a241bc"},"type":"AppendToStringVariable","inputs":{"name":"varCommercialScores","value":"\n}"}},"Parse_JSON_-_CommercialScores":{"runAfter":{"Compose":["Succeeded"]},"metadata":{"operationMetadataId":"8012e75c-12fa-46c5-803a-636bbe7d87dd"},"type":"ParseJson","inputs":{"content":"@variables('varCommercialScores')","schema":{"type":"object","properties":{"type":{"type":"string"},"properties":{"type":"object","properties":{"354":{"type":"object","properties":{"type":{"type":"string"}}},"355":{"type":"object","properties":{"type":{"type":"string"}}},"356":{"type":"object","properties":{"type":{"type":"string"}}},"1013-KCSA-CMS-00376":{"type":"object","properties":{"type":{"type":"string"}}},"_":{"type":"object","properties":{"type":{"type":"string"}}},"Sakthi":{"type":"object","properties":{"type":{"type":"string"}}},"Rajasekar":{"type":"object","properties":{"type":{"type":"string"}}},"Amirtharaj":{"type":"object","properties":{"type":{"type":"string"}}}}}}}}},"Compose_-_CommercialScores":{"runAfter":{"Parse_JSON_-_CommercialScores":["Succeeded"]},"metadata":{"operationMetadataId":"f1aa0ac0-f3fd-4236-9a8c-29c33c875515"},"type":"Compose","inputs":"@body('Parse_JSON_-_CommercialScores')"},"Add_a_row_into_a_table_-_CommercialScores":{"runAfter":{"Compose_-_CommercialScores":["Succeeded"]},"metadata":{"operationMetadataId":"26f75541-e0c3-4023-924e-ca8c657efc33","tableId":"@outputs('Create_table_2')?['body/name']"},"type":"OpenApiConnection","inputs":{"host":{"apiId":"/providers/Microsoft.PowerApps/apis/shared_excelonlinebusiness","connectionName":"shared_excelonlinebusiness","operationId":"AddRowV2"},"parameters":{"source":"sites/altrocks1.sharepoint.com,3bd8b1c6-ebff-4275-b147-e6d024563aa9,729df3af-798d-4725-8ec1-ba4b6140a34b","drive":"b!xrHYO__rdUKxR-bQJFY6qa_znXKNeSVHjsG6S2FAo0vIgACRKYtoSpHR6qGfc_VJ","file":"@outputs('Create_file_2')?['body/Id']","table":"@outputs('Create_table_2')?['body/name']","item":"@outputs('Compose_-_CommercialScores')"},"authentication":{"value":"@json(decodeBase64(triggerOutputs().headers['X-MS-APIM-Tokens']))['$ConnectionKey']","type":"Raw"}}},"Compose":{"runAfter":{"Append_to_string_variable_-_varCommercialScores_4":["Succeeded"]},"metadata":{"operationMetadataId":"bda52a4b-3f75-4cc1-9e5d-9fe8e3e3e0ab"},"type":"Compose","inputs":"@variables('varCommercialScores')"},"Set_variable_-_Null":{"runAfter":{"Add_a_row_into_a_table_-_CommercialScores":["Succeeded"]},"metadata":{"operationMetadataId":"97b2c95b-7692-490e-bb26-1665fe0efb6f"},"type":"SetVariable","inputs":{"name":"varCommercialScores","value":"@{null}"}},"Append_to_string_variable_-_varCommercialScores_0":{"runAfter":{},"metadata":{"operationMetadataId":"de853f20-b444-4985-870c-38e9cb78df56"},"type":"AppendToStringVariable","inputs":{"name":"varCommercialScores","value":"{\n"}},"Append_to_string_variable_-_varCommercialScores_1":{"runAfter":{"Append_to_string_variable_-_varCommercialScores_0":["Succeeded"]},"metadata":{"operationMetadataId":"95c9efd4-dae0-4f03-bec8-dda5910baef8"},"type":"AppendToStringVariable","inputs":{"name":"varCommercialScores","value":"\"@{outputs('Get_item_-_Contract_Info')?['body/UID']}\": \"@{items('Apply_to_each_-_CommercialScores')?['Description']}\",\n\"_\": \"@{items('Apply_to_each_-_CommercialScores')?['Weightage']}\""}}},"runAfter":{},"metadata":{"operationMetadataId":"7e8039fc-b3b4-4d3e-b50c-4707b15d99b7"},"type":"Foreach"}},"runAfter":{"Initialize_variable_-_varCommercialScores":["Succeeded"]},"metadata":{"operationMetadataId":"dbcc7ad4-c969-4ff7-9984-b74f320678d3"},"type":"Scope"},"Initialize_variable-varCommericalTotalScore":{"runAfter":{"Scope-SumCommercial_Weightage_":["Succeeded"]},"metadata":{"operationMetadataId":"515d1607-ae06-45f5-8420-21cb1fa74ad0"},"type":"InitializeVariable","inputs":{"variables":[{"name":"varCommericalTotalScore","type":"string","value":"{\n   \"@{outputs('Get_item_-_Contract_Info')?['body/UID']}\": \"SCORE\",\n  \"_\": \" @{outputs('SUM_Of_Commercial_Weightage_')}\""}]}},"Scope-SumCommercial_Weightage_":{"actions":{"Select-CommericialWeightage_":{"runAfter":{},"metadata":{"operationMetadataId":"750d9fb4-1ea9-48be-a6da-7b7e5bfba1f3"},"type":"Select","inputs":{"from":"@outputs('Get_items_-Commercial_Proposal')?['body/value']","select":"@item()?['Weightage']"}},"JSON-Commercial_Weightage":{"runAfter":{"Select-CommericialWeightage_":["Succeeded"]},"metadata":{"operationMetadataId":"8afbc2a7-3aed-4ab5-87a0-118c6a599da1"},"type":"Compose","inputs":{"root":{"Numbers":"@body('Select-CommericialWeightage_')"}}},"XML":{"runAfter":{"JSON-Commercial_Weightage":["Succeeded"]},"metadata":{"operationMetadataId":"88e09186-6967-45af-9a08-b948b6e79f43"},"type":"Compose","inputs":"@xml(outputs('JSON-Commercial_Weightage'))"},"SUM_Of_Commercial_Weightage_":{"runAfter":{"XML":["Succeeded"]},"metadata":{"operationMetadataId":"65258b27-d726-4032-af4b-1c91a2ae77ee"},"type":"Compose","inputs":"@xpath(outputs('XML'), 'sum(/root/Numbers)')"}},"runAfter":{"Scope_-_Create_Commercial_Scores_in_Excel":["Succeeded"]},"metadata":{"operationMetadataId":"f77e0736-c706-4e3b-8ee3-6d17236b4b6a"},"type":"Scope"},"Scope-Total_WeightedScore__and_Weighted_percentage_For_Commercial_in_Excel":{"actions":{"Apply_to_each_-Total_WeightedScore__and_Weighted_percentage_For_Commercial":{"foreach":"@outputs('Get_items_From_Supplier_Registration_Form')?['body/value']","actions":{"Get_items-Commercialoverall_WeightedScore_":{"runAfter":{},"metadata":{"operationMetadataId":"d227b4df-75a2-49fa-9976-b6f90ccb80a0"},"type":"OpenApiConnection","inputs":{"host":{"apiId":"/providers/Microsoft.PowerApps/apis/shared_sharepointonline","connectionName":"shared_sharepointonline","operationId":"GetItems"},"parameters":{"dataset":"https://altrocks1.sharepoint.com/sites/KAMOAAFC","table":"ff4975bc-51fe-48a7-a67f-b80a1b3da41a","$filter":"Supplier_x0020_ID eq '@{items('Apply_to_each_-Total_WeightedScore__and_Weighted_percentage_For_Commercial')?['ID']}'  and Contract_x0020_ID eq '@{triggerBody()['number']}'  "},"authentication":{"value":"@json(decodeBase64(triggerOutputs().headers['X-MS-APIM-Tokens']))['$ConnectionKey']","type":"Raw"}}},"Select-WeightedScore":{"runAfter":{"Get_items-Commercialoverall_WeightedScore_":["Succeeded"]},"metadata":{"operationMetadataId":"e46938fc-0b08-4944-b3f4-5d67e361660f"},"type":"Select","inputs":{"from":"@outputs('Get_items-Commercialoverall_WeightedScore_')?['body/value']","select":"@item()?['Weighted_x0020_Score']"}},"JSON_For_WeightedScore":{"runAfter":{"Select-WeightedScore":["Succeeded"]},"metadata":{"operationMetadataId":"7f80d5d9-42f1-4772-93b1-c23cc6a33e78"},"type":"Compose","inputs":{"root":{"Numbers":"@body('Select-WeightedScore')"}}},"XML-WeightedScore":{"runAfter":{"JSON_For_WeightedScore":["Succeeded"]},"metadata":{"operationMetadataId":"58365cc2-5fa3-4b3a-9199-e6f66b3a6abb"},"type":"Compose","inputs":"@xml(outputs('JSON_For_WeightedScore'))"},"Sum-WeightedScore":{"runAfter":{"XML-WeightedScore":["Succeeded"]},"metadata":{"operationMetadataId":"fe3ab260-6b6a-42a9-8552-2f38969998ba"},"type":"Compose","inputs":"@xpath(outputs('XML-WeightedScore'), 'sum(/root/Numbers)')"},"Sum-CommercialWeightedPercentage":{"runAfter":{"Sum-WeightedScore":["Succeeded"]},"metadata":{"operationMetadataId":"b8bd6d01-5989-4040-acbe-87d93c313a89"},"type":"Compose","inputs":"@div(outputs('Sum-WeightedScore'),outputs('SUM_Of_Commercial_Weightage_'))\r\n"},"Append_to_string_variable-WeightedScore":{"runAfter":{"Sum-CommercialWeightedPercentage":["Succeeded"]},"metadata":{"operationMetadataId":"58a90129-84f2-45cb-b65b-d1a86069ffc7"},"type":"AppendToStringVariable","inputs":{"name":"varCommericalTotalScore","value":",\n\"@{items('Apply_to_each_-Total_WeightedScore__and_Weighted_percentage_For_Commercial')?['Company_x002f_OrgName']}\": \"@{outputs('Sum-WeightedScore')}\""}},"Append_to_string_variable_-percentage":{"runAfter":{"Append_to_string_variable-WeightedScore":["Succeeded"]},"metadata":{"operationMetadataId":"21f1dbb1-d67b-44d5-8ce3-d1d063f6b1e8"},"type":"AppendToStringVariable","inputs":{"name":"varCommericalTotalScore","value":",\n\"@{items('Apply_to_each_-Total_WeightedScore__and_Weighted_percentage_For_Commercial')?['ID']}\": \"@{outputs('Sum-CommercialWeightedPercentage')}\""}}},"runAfter":{},"metadata":{"operationMetadataId":"f77e0aa3-05e8-41cd-ab8e-c0ea62da1765"},"type":"Foreach"},"Append_to_string_variable_-Commercial_Total_Score":{"runAfter":{"Apply_to_each_-Total_WeightedScore__and_Weighted_percentage_For_Commercial":["Succeeded"]},"metadata":{"operationMetadataId":"2adb3e82-daa8-4be6-8153-1309979df766"},"type":"AppendToStringVariable","inputs":{"name":"varCommericalTotalScore","value":"}"}},"Parse_JSON":{"runAfter":{"Append_to_string_variable_-Commercial_Total_Score":["Succeeded"]},"metadata":{"operationMetadataId":"e7d85402-b089-4815-9d48-184da4955fd6"},"type":"ParseJson","inputs":{"content":"@variables('varCommericalTotalScore')","schema":{"type":"object","properties":{"type":{"type":"string"},"properties":{"type":"object","properties":{"354":{"type":"object","properties":{"type":{"type":"string"}}},"355":{"type":"object","properties":{"type":{"type":"string"}}},"356":{"type":"object","properties":{"type":{"type":"string"}}},"1013-KCSA-CMS-00376":{"type":"object","properties":{"type":{"type":"string"}}},"_":{"type":"object","properties":{"type":{"type":"string"}}},"Sakthi":{"type":"object","properties":{"type":{"type":"string"}}},"Rajasekar":{"type":"object","properties":{"type":{"type":"string"}}},"Amirtharaj":{"type":"object","properties":{"type":{"type":"string"}}}}}}}}},"Compose_2":{"runAfter":{"Parse_JSON":["Succeeded"]},"metadata":{"operationMetadataId":"27a8724d-4ad2-4124-b7b2-a1d0af5d0a48"},"type":"Compose","inputs":"@body('Parse_JSON')"},"Add_a_row_into_a_table":{"runAfter":{"Compose_2":["Succeeded"]},"metadata":{"operationMetadataId":"0b0d389a-302c-4e66-9f30-c25571acf49d","tableId":"@outputs('Create_table_2')?['body/name']"},"type":"OpenApiConnection","inputs":{"host":{"apiId":"/providers/Microsoft.PowerApps/apis/shared_excelonlinebusiness","connectionName":"shared_excelonlinebusiness","operationId":"AddRowV2"},"parameters":{"source":"sites/altrocks1.sharepoint.com,3bd8b1c6-ebff-4275-b147-e6d024563aa9,729df3af-798d-4725-8ec1-ba4b6140a34b","drive":"b!xrHYO__rdUKxR-bQJFY6qa_znXKNeSVHjsG6S2FAo0vIgACRKYtoSpHR6qGfc_VJ","file":"@outputs('Create_file_2')?['body/Id']","table":"@outputs('Create_table_2')?['body/name']","item":"@outputs('Compose_2')"},"authentication":{"value":"@json(decodeBase64(triggerOutputs().headers['X-MS-APIM-Tokens']))['$ConnectionKey']","type":"Raw"}}}},"runAfter":{"Initialize_variable-varCommericalTotalScore":["Succeeded"]},"metadata":{"operationMetadataId":"158cd617-7abd-48db-971f-06ae4371e396"},"type":"Scope"},"Initialize_variable-varTechnicalScoresHeader":{"runAfter":{"Scope-CommercialDefaultHeader":["Succeeded"]},"metadata":{"operationMetadataId":"82ab6a57-da16-4fc1-8167-0c8d26dd22d8"},"type":"InitializeVariable","inputs":{"variables":[{"name":"varTechnicalHeader","type":"string","value":"{\n   \"@{outputs('Get_item_-_Contract_Info')?['body/UID']}\": \"TECHNICAL\",\n  \"_\": \" \""}]}},"Get_items-Technical_Proposal":{"runAfter":{"Get_items_-Commercial_Overall_Score_":["Succeeded"]},"metadata":{"operationMetadataId":"7a71d4d5-9499-43f1-89eb-5944c551c837"},"type":"OpenApiConnection","inputs":{"host":{"apiId":"/providers/Microsoft.PowerApps/apis/shared_sharepointonline","connectionName":"shared_sharepointonline","operationId":"GetItems"},"parameters":{"dataset":"https://altrocks1.sharepoint.com/sites/KAMOAAFC","table":"5ed8ab7d-4d5f-4b2e-a891-3d19fa945fb0","$filter":"ContractID eq '@{triggerBody()['number']}'  "},"authentication":{"value":"@json(decodeBase64(triggerOutputs().headers['X-MS-APIM-Tokens']))['$ConnectionKey']","type":"Raw"}}},"Get_items_TechnicalOverallScore":{"runAfter":{"Get_items-Technical_Proposal":["Succeeded"]},"metadata":{"operationMetadataId":"dab82af8-1736-43ae-9971-2bf8577b5cf7"},"type":"OpenApiConnection","inputs":{"host":{"apiId":"/providers/Microsoft.PowerApps/apis/shared_sharepointonline","connectionName":"shared_sharepointonline","operationId":"GetItems"},"parameters":{"dataset":"https://altrocks1.sharepoint.com/sites/KAMOAAFC","table":"53cf8cff-37db-4fb0-ba38-89db66845b2a","$filter":"ContractID eq '@{triggerBody()['number']}'  "},"authentication":{"value":"@json(decodeBase64(triggerOutputs().headers['X-MS-APIM-Tokens']))['$ConnectionKey']","type":"Raw"}}},"Scope-TechnicalHeader":{"actions":{"Apply_to_each_2":{"foreach":"@outputs('Get_items_From_Supplier_Registration_Form')?['body/value']","actions":{"Append_to_string_variable_4":{"runAfter":{},"metadata":{"operationMetadataId":"2bc28c4b-f676-48a8-8f64-de5bbc3af102"},"type":"AppendToStringVariable","inputs":{"name":"varTechnicalHeader","value":",\n\"@{items('Apply_to_each_2')?['ID']}\": \" \""}},"Append_to_string_variable_5":{"runAfter":{"Append_to_string_variable_4":["Succeeded"]},"metadata":{"operationMetadataId":"a7451dd1-e72b-486e-b497-f4abf31277b3"},"type":"AppendToStringVariable","inputs":{"name":"varTechnicalHeader","value":",\n\"@{items('Apply_to_each_2')?['Company_x002f_OrgName']}\": \" \""}}},"runAfter":{},"metadata":{"operationMetadataId":"3a705cc8-d18d-4444-8bed-e06bebd60b7e"},"type":"Foreach"},"Append_to_string_variable_-TechnicalHeader":{"runAfter":{"Apply_to_each_2":["Succeeded"]},"metadata":{"operationMetadataId":"b4c23a5a-b473-4fdc-86a8-b688b126a9ac"},"type":"AppendToStringVariable","inputs":{"name":"varTechnicalHeader","value":"}"}},"Parse_JSON_-TechnicalHeader":{"runAfter":{"Append_to_string_variable_-TechnicalHeader":["Succeeded"]},"metadata":{"operationMetadataId":"0fcb6127-4a43-4e9c-a8fb-28067879faf8"},"type":"ParseJson","inputs":{"content":"@variables('varTechnicalHeader')","schema":{"type":"object","properties":{"type":{"type":"string"},"properties":{"type":"object","properties":{"354":{"type":"object","properties":{"type":{"type":"string"}}},"355":{"type":"object","properties":{"type":{"type":"string"}}},"356":{"type":"object","properties":{"type":{"type":"string"}}},"1013-KCSA-CMS-00376":{"type":"object","properties":{"type":{"type":"string"}}},"_":{"type":"object","properties":{"type":{"type":"string"}}},"Sakthi":{"type":"object","properties":{"type":{"type":"string"}}},"Rajasekar":{"type":"object","properties":{"type":{"type":"string"}}},"Amirtharaj":{"type":"object","properties":{"type":{"type":"string"}}}}}}}}},"Compose_-HeaderTechnical":{"runAfter":{"Parse_JSON_-TechnicalHeader":["Succeeded"]},"metadata":{"operationMetadataId":"aab9d53d-dc65-441a-8dbf-040f70dd2bd0"},"type":"Compose","inputs":"@body('Parse_JSON_-TechnicalHeader')"},"Add_a_row_into_a_table_3":{"runAfter":{"Compose_-HeaderTechnical":["Succeeded"]},"metadata":{"operationMetadataId":"19e2e195-82bd-43d9-a610-733e1ca433d5","tableId":"@outputs('Create_table_2')?['body/name']"},"type":"OpenApiConnection","inputs":{"host":{"apiId":"/providers/Microsoft.PowerApps/apis/shared_excelonlinebusiness","connectionName":"shared_excelonlinebusiness","operationId":"AddRowV2"},"parameters":{"source":"sites/altrocks1.sharepoint.com,3bd8b1c6-ebff-4275-b147-e6d024563aa9,729df3af-798d-4725-8ec1-ba4b6140a34b","drive":"b!xrHYO__rdUKxR-bQJFY6qa_znXKNeSVHjsG6S2FAo0vIgACRKYtoSpHR6qGfc_VJ","file":"@outputs('Create_file_2')?['body/Id']","table":"@outputs('Create_table_2')?['body/name']","item":"@outputs('Compose_-HeaderTechnical')"},"authentication":{"value":"@json(decodeBase64(triggerOutputs().headers['X-MS-APIM-Tokens']))['$ConnectionKey']","type":"Raw"}}}},"runAfter":{"Initialize_variable-varTechnicalScoresHeader":["Succeeded"]},"metadata":{"operationMetadataId":"dc3cf521-1001-4281-a7ef-a9415d091d44"},"type":"Scope"},"Initialize_variable-varTechnicalTotalScore":{"runAfter":{"Scope-TotalTechnicalWeightage":["Succeeded"]},"metadata":{"operationMetadataId":"7d83e37c-7b7c-46d0-b498-abb7a2deda7c"},"type":"InitializeVariable","inputs":{"variables":[{"name":"varTechnicalTotalScore","type":"string","value":"{\n   \"@{outputs('Get_item_-_Contract_Info')?['body/UID']}\": \"SCORE\",\n  \"_\": \"@{outputs('SUM_of_TechnicalWeightage')} \""}]}},"Scope-TotalTechnicalWeightage":{"actions":{"Select-TechnicalWeightage":{"runAfter":{},"metadata":{"operationMetadataId":"9ec3cf8f-b581-49f7-81ae-2f41693146d7"},"type":"Select","inputs":{"from":"@outputs('Get_items-Technical_Proposal')?['body/value']","select":"@item()?['Weightage']"}},"PARSE_JSON-TechnicalWeightage":{"runAfter":{"Select-TechnicalWeightage":["Succeeded"]},"metadata":{"operationMetadataId":"03e9e22b-f57f-4b70-846f-f7737d933449"},"type":"Compose","inputs":{"root":{"Numbers":"@body('Select-TechnicalWeightage')"}}},"XML-TechnicalWeightage":{"runAfter":{"PARSE_JSON-TechnicalWeightage":["Succeeded"]},"metadata":{"operationMetadataId":"71459833-1aba-41f5-b0a0-9d1a45e4dc97"},"type":"Compose","inputs":"@xml(outputs('PARSE_JSON-TechnicalWeightage'))"},"SUM_of_TechnicalWeightage":{"runAfter":{"XML-TechnicalWeightage":["Succeeded"]},"metadata":{"operationMetadataId":"26a24c3d-c6d5-4533-a0e2-4411e630e223"},"type":"Compose","inputs":"@xpath(outputs('XML-TechnicalWeightage'), 'sum(/root/Numbers)')"}},"runAfter":{"Scope-CreateTechnicalScoresInExcel":["Succeeded"]},"metadata":{"operationMetadataId":"e217c7be-4e3c-4a3e-9252-e887bfdf2a79"},"type":"Scope"},"Scope-TotalTechnicalWeightedScore_and_WeightedPercentage":{"actions":{"Apply_to_each_4":{"foreach":"@outputs('Get_items_From_Supplier_Registration_Form')?['body/value']","actions":{"Get_items_-TechnicalOverallScore":{"runAfter":{},"metadata":{"operationMetadataId":"7d812ea3-81e5-437a-a802-c11c04aba9cc"},"type":"OpenApiConnection","inputs":{"host":{"apiId":"/providers/Microsoft.PowerApps/apis/shared_sharepointonline","connectionName":"shared_sharepointonline","operationId":"GetItems"},"parameters":{"dataset":"https://altrocks1.sharepoint.com/sites/KAMOAAFC","table":"53cf8cff-37db-4fb0-ba38-89db66845b2a","$filter":"SupplierID eq '@{items('Apply_to_each_4')?['ID']}' and ContractID eq '@{triggerBody()['number']}'  "},"authentication":{"value":"@json(decodeBase64(triggerOutputs().headers['X-MS-APIM-Tokens']))['$ConnectionKey']","type":"Raw"}}},"Select-TechnicalWeightedScore":{"runAfter":{"Get_items_-TechnicalOverallScore":["Succeeded"]},"metadata":{"operationMetadataId":"60c999f3-c2cc-4e78-a0c4-c020b7946292"},"type":"Select","inputs":{"from":"@outputs('Get_items_-TechnicalOverallScore')?['body/value']","select":"@item()?['WeightedScore']"}},"JSON-TechnicalWeightedScore":{"runAfter":{"Select-TechnicalWeightedScore":["Succeeded"]},"metadata":{"operationMetadataId":"7af7d8e4-044e-4a59-851f-194ed90fa691"},"type":"Compose","inputs":{"root":{"Numbers":"@body('Select-TechnicalWeightedScore')"}}},"XML-TechnicalWeightedScore":{"runAfter":{"JSON-TechnicalWeightedScore":["Succeeded"]},"metadata":{"operationMetadataId":"2cd48f08-ddde-4e24-a956-76fdfa4ae05e"},"type":"Compose","inputs":"@xml(outputs('JSON-TechnicalWeightedScore'))"},"Sum_of_TotaL_TechnicalWeightedScore":{"runAfter":{"XML-TechnicalWeightedScore":["Succeeded"]},"metadata":{"operationMetadataId":"86fbf84f-f656-4125-bba0-810b24a1cbd5"},"type":"Compose","inputs":"@xpath(outputs('XML-TechnicalWeightedScore'), 'sum(/root/Numbers)')"},"Append_to_string_variable_-WeightedScore":{"runAfter":{"Compose_-TotalWeightedPercentage":["Succeeded"]},"metadata":{"operationMetadataId":"074267fe-0220-4ffb-be50-b8a9091fb0b2"},"type":"AppendToStringVariable","inputs":{"name":"varTechnicalTotalScore","value":",\n\"@{items('Apply_to_each_4')?['Company_x002f_OrgName']}\": \"@{outputs('Sum_of_TotaL_TechnicalWeightedScore')}\""}},"Append_to_string_variable_-WeightedPercentage":{"runAfter":{"Append_to_string_variable_-WeightedScore":["Succeeded"]},"metadata":{"operationMetadataId":"bda851d9-58e9-4b97-ae20-d9466ad4d380"},"type":"AppendToStringVariable","inputs":{"name":"varTechnicalTotalScore","value":",\n\"@{items('Apply_to_each_4')?['ID']}\": \"@{outputs('Compose_-TotalWeightedPercentage')}\""}},"Compose_-TotalWeightedPercentage":{"runAfter":{"Sum_of_TotaL_TechnicalWeightedScore":["Succeeded"]},"metadata":{"operationMetadataId":"7ee84b90-6407-43e2-b7a1-cc58493b220c"},"type":"Compose","inputs":"@div(outputs('Sum_of_TotaL_TechnicalWeightedScore'),outputs('SUM_of_TechnicalWeightage'))"}},"runAfter":{},"metadata":{"operationMetadataId":"74776025-b0b8-4c6e-bb28-1984855eb082"},"type":"Foreach"},"Append_to_string_variable_-Technical_Score_":{"runAfter":{"Apply_to_each_4":["Succeeded"]},"metadata":{"operationMetadataId":"8c0f999f-313d-4551-94b8-5cbab885401a"},"type":"AppendToStringVariable","inputs":{"name":"varTechnicalTotalScore","value":"}"}},"Parse_JSON_TechnicalScore_":{"runAfter":{"Append_to_string_variable_-Technical_Score_":["Succeeded"]},"metadata":{"operationMetadataId":"4f399b90-e311-4a44-be8f-22132f81a5ab"},"type":"ParseJson","inputs":{"content":"@variables('varTechnicalTotalScore')","schema":{"type":"object","properties":{"type":{"type":"string"},"properties":{"type":"object","properties":{"type":{"type":"object","properties":{"type":{"type":"string"}}},"properties":{"type":"object","properties":{"type":{"type":"string"},"properties":{"type":"object","properties":{"354":{"type":"object","properties":{"type":{"type":"string"},"properties":{"type":"object","properties":{"type":{"type":"object","properties":{"type":{"type":"string"}}}}}}},"355":{"type":"object","properties":{"type":{"type":"string"},"properties":{"type":"object","properties":{"type":{"type":"object","properties":{"type":{"type":"string"}}}}}}},"356":{"type":"object","properties":{"type":{"type":"string"},"properties":{"type":"object","properties":{"type":{"type":"object","properties":{"type":{"type":"string"}}}}}}},"1013-KCSA-CMS-00376":{"type":"object","properties":{"type":{"type":"string"},"properties":{"type":"object","properties":{"type":{"type":"object","properties":{"type":{"type":"string"}}}}}}},"_":{"type":"object","properties":{"type":{"type":"string"},"properties":{"type":"object","properties":{"type":{"type":"object","properties":{"type":{"type":"string"}}}}}}},"Sakthi":{"type":"object","properties":{"type":{"type":"string"},"properties":{"type":"object","properties":{"type":{"type":"object","properties":{"type":{"type":"string"}}}}}}},"Rajasekar":{"type":"object","properties":{"type":{"type":"string"},"properties":{"type":"object","properties":{"type":{"type":"object","properties":{"type":{"type":"string"}}}}}}},"Amirtharaj":{"type":"object","properties":{"type":{"type":"string"},"properties":{"type":"object","properties":{"type":{"type":"object","properties":{"type":{"type":"string"}}}}}}}}}}}}}}}}},"Compose_-TotalTechnicalScore":{"runAfter":{"Parse_JSON_TechnicalScore_":["Succeeded"]},"metadata":{"operationMetadataId":"d98afc0d-01c0-4ca6-9480-332d57013bc1"},"type":"Compose","inputs":"@body('Parse_JSON_TechnicalScore_')"},"Add_a_row_into_a_table_4":{"runAfter":{"Compose_-TotalTechnicalScore":["Succeeded"]},"metadata":{"operationMetadataId":"ece64736-5a03-4d6a-a102-852d175c47a6","tableId":"@outputs('Create_table_2')?['body/name']"},"type":"OpenApiConnection","inputs":{"host":{"apiId":"/providers/Microsoft.PowerApps/apis/shared_excelonlinebusiness","connectionName":"shared_excelonlinebusiness","operationId":"AddRowV2"},"parameters":{"source":"sites/altrocks1.sharepoint.com,3bd8b1c6-ebff-4275-b147-e6d024563aa9,729df3af-798d-4725-8ec1-ba4b6140a34b","drive":"b!xrHYO__rdUKxR-bQJFY6qa_znXKNeSVHjsG6S2FAo0vIgACRKYtoSpHR6qGfc_VJ","file":"@outputs('Create_file_2')?['body/Id']","table":"@outputs('Create_table_2')?['body/name']","item":"@outputs('Compose_-TotalTechnicalScore')"},"authentication":{"value":"@json(decodeBase64(triggerOutputs().headers['X-MS-APIM-Tokens']))['$ConnectionKey']","type":"Raw"}}}},"runAfter":{"Initialize_variable-varTechnicalTotalScore":["Succeeded"]},"metadata":{"operationMetadataId":"bdf2cd55-a1e1-4442-a9f8-e1eb9018bacb"},"type":"Scope"},"Compose_-CommercialAndTechnical_-TotalWeightage_":{"runAfter":{"Scope-TotalTechnicalWeightedScore_and_WeightedPercentage":["Succeeded"]},"metadata":{"operationMetadataId":"b43e2839-8851-4490-8136-e84f9d5e9b92"},"type":"Compose","inputs":"@add(outputs('SUM_Of_Commercial_Weightage_'),outputs('SUM_of_TechnicalWeightage'))"},"Initialize_variable-varCommercialAndTechnicalScore":{"runAfter":{"Compose_-CommercialAndTechnical_-TotalWeightage_":["Succeeded"]},"metadata":{"operationMetadataId":"5818ad4d-1272-47fd-ae8f-e0275a400619"},"type":"InitializeVariable","inputs":{"variables":[{"name":"varCommercialAndTechnicalScore","type":"string","value":"{\n   \"@{outputs('Get_item_-_Contract_Info')?['body/UID']}\": \"TOTALSCORE\",\n  \"_\": \"@{outputs('Compose_-CommercialAndTechnical_-TotalWeightage_')}\""}]}},"Scope-CommercialAndTechnicalScoreAddIntoExcel":{"actions":{"Apply_to_each_-CommercialAndTechnicalScoreAndPercentage":{"foreach":"@outputs('Get_items_From_Supplier_Registration_Form')?['body/value']","actions":{"Get_items-CommercialOverall":{"runAfter":{},"metadata":{"operationMetadataId":"d635878e-0333-4621-87f0-f56ddde53ad8"},"type":"OpenApiConnection","inputs":{"host":{"apiId":"/providers/Microsoft.PowerApps/apis/shared_sharepointonline","connectionName":"shared_sharepointonline","operationId":"GetItems"},"parameters":{"dataset":"https://altrocks1.sharepoint.com/sites/KAMOAAFC","table":"ff4975bc-51fe-48a7-a67f-b80a1b3da41a","$filter":"Supplier_x0020_ID eq '@{items('Apply_to_each_-CommercialAndTechnicalScoreAndPercentage')?['ID']}' "},"authentication":{"value":"@json(decodeBase64(triggerOutputs().headers['X-MS-APIM-Tokens']))['$ConnectionKey']","type":"Raw"}}},"Get_items_-TechnicalOverall":{"runAfter":{"Get_items-CommercialOverall":["Succeeded"]},"metadata":{"operationMetadataId":"eb31291b-bcab-46b7-a405-c01f28f99c1a"},"type":"OpenApiConnection","inputs":{"host":{"apiId":"/providers/Microsoft.PowerApps/apis/shared_sharepointonline","connectionName":"shared_sharepointonline","operationId":"GetItems"},"parameters":{"dataset":"https://altrocks1.sharepoint.com/sites/KAMOAAFC","table":"53cf8cff-37db-4fb0-ba38-89db66845b2a","$filter":"SupplierID eq '@{items('Apply_to_each_-CommercialAndTechnicalScoreAndPercentage')?['ID']}' "},"authentication":{"value":"@json(decodeBase64(triggerOutputs().headers['X-MS-APIM-Tokens']))['$ConnectionKey']","type":"Raw"}}},"Select-CommercialOverall":{"runAfter":{"Get_items_-TechnicalOverall":["Succeeded"]},"metadata":{"operationMetadataId":"8052ec3c-469d-4c71-a6fc-1088f0461a1a"},"type":"Select","inputs":{"from":"@outputs('Get_items-CommercialOverall')?['body/value']","select":"@item()?['Weighted_x0020_Score']"}},"Compose_-CommercialJson":{"runAfter":{"Select-CommercialOverall":["Succeeded"]},"metadata":{"operationMetadataId":"d78d5393-9459-48e4-b5de-354fc902ccc9"},"type":"Compose","inputs":{"root":{"Numbers":"@body('Select-CommercialOverall')"}}},"Compose_-XMLCommercial":{"runAfter":{"Compose_-CommercialJson":["Succeeded"]},"metadata":{"operationMetadataId":"d20fe15e-51c3-4e96-985e-7975abaf0b9b"},"type":"Compose","inputs":"@xml(outputs('Compose_-CommercialJson'))"},"Compose_-SumCommercialOverallWeighted":{"runAfter":{"Compose_-XMLCommercial":["Succeeded"]},"metadata":{"operationMetadataId":"97e4363e-5a29-41e6-abba-4a1849b93390"},"type":"Compose","inputs":"@xpath(outputs('Compose_-XMLCommercial'), 'sum(/root/Numbers)')"},"Select-Technicaloverall":{"runAfter":{"Compose_-SumCommercialOverallWeighted":["Succeeded"]},"metadata":{"operationMetadataId":"7b23003c-2236-42f3-9e69-3aef4ccb108e"},"type":"Select","inputs":{"from":"@outputs('Get_items_-TechnicalOverall')?['body/value']","select":"@item()?['WeightedScore']"}},"Compose_-TechnicalJson":{"runAfter":{"Select-Technicaloverall":["Succeeded"]},"metadata":{"operationMetadataId":"77be88a4-dfc1-4786-a30d-f888c285227e"},"type":"Compose","inputs":{"root":{"Numbers":"@body('Select-Technicaloverall')"}}},"Compose_-XmlTechnical":{"runAfter":{"Compose_-TechnicalJson":["Succeeded"]},"metadata":{"operationMetadataId":"309eafdc-3da9-4bd9-abe0-474b50b69a22"},"type":"Compose","inputs":"@xml(outputs('Compose_-TechnicalJson'))"},"Compose_-SumTechnicalOverallWeighted":{"runAfter":{"Compose_-XmlTechnical":["Succeeded"]},"metadata":{"operationMetadataId":"d7dabdd7-bb74-4d7e-ba32-41083b8afee5"},"type":"Compose","inputs":"@xpath(outputs('Compose_-XmlTechnical'), 'sum(/root/Numbers)')"},"Compose_-TotalCommercialAndTechnicalScore":{"runAfter":{"Compose_-SumTechnicalOverallWeighted":["Succeeded"]},"metadata":{"operationMetadataId":"9557cc7c-414f-4809-8f8f-5b91c7930939"},"type":"Compose","inputs":"@add(outputs('Compose_-SumCommercialOverallWeighted'),outputs('Compose_-SumTechnicalOverallWeighted'))"},"Append_to_string_variable":{"runAfter":{"Compose_-TotalCommercialAndTechnicalScore":["Succeeded"]},"metadata":{"operationMetadataId":"2144d5ce-51de-465c-b307-478c98fb8d3f"},"type":"AppendToStringVariable","inputs":{"name":"varCommercialAndTechnicalScore","value":",\n\"@{items('Apply_to_each_-CommercialAndTechnicalScoreAndPercentage')?['ID']}\": \"\""}},"Append_to_string_variable_2":{"runAfter":{"Append_to_string_variable":["Succeeded"]},"metadata":{"operationMetadataId":"6201e8ab-aef5-46f6-82de-60ad84e4b55e"},"type":"AppendToStringVariable","inputs":{"name":"varCommercialAndTechnicalScore","value":",\n\"@{items('Apply_to_each_-CommercialAndTechnicalScoreAndPercentage')?['Company_x002f_OrgName']}\": \"@{outputs('Compose_-TotalCommercialAndTechnicalScore')}\""}}},"runAfter":{},"metadata":{"operationMetadataId":"b7517a67-f78b-4719-b5ed-d693c41b9c5e"},"type":"Foreach"},"Append_to_string_variable_-Commercial_And_Technical":{"runAfter":{"Apply_to_each_-CommercialAndTechnicalScoreAndPercentage":["Succeeded"]},"metadata":{"operationMetadataId":"95d0558f-9213-408b-92b6-a96143e31946"},"type":"AppendToStringVariable","inputs":{"name":"varCommercialAndTechnicalScore","value":"}"}},"Parse_JSON_-CommercialAndTechnicalScore":{"runAfter":{"Append_to_string_variable_-Commercial_And_Technical":["Succeeded"]},"metadata":{"operationMetadataId":"2824a38e-af98-494a-81ab-90c66d8a64e8"},"type":"ParseJson","inputs":{"content":"@variables('varCommercialAndTechnicalScore')","schema":{"type":"object","properties":{"type":{"type":"string"},"properties":{"type":"object","properties":{"type":{"type":"object","properties":{"type":{"type":"string"}}},"properties":{"type":"object","properties":{"type":{"type":"string"},"properties":{"type":"object","properties":{"354":{"type":"object","properties":{"type":{"type":"string"},"properties":{"type":"object","properties":{"type":{"type":"object","properties":{"type":{"type":"string"}}}}}}},"355":{"type":"object","properties":{"type":{"type":"string"},"properties":{"type":"object","properties":{"type":{"type":"object","properties":{"type":{"type":"string"}}}}}}},"356":{"type":"object","properties":{"type":{"type":"string"},"properties":{"type":"object","properties":{"type":{"type":"object","properties":{"type":{"type":"string"}}}}}}},"1013-KCSA-CMS-00376":{"type":"object","properties":{"type":{"type":"string"},"properties":{"type":"object","properties":{"type":{"type":"object","properties":{"type":{"type":"string"}}}}}}},"_":{"type":"object","properties":{"type":{"type":"string"},"properties":{"type":"object","properties":{"type":{"type":"object","properties":{"type":{"type":"string"}}}}}}},"Sakthi":{"type":"object","properties":{"type":{"type":"string"},"properties":{"type":"object","properties":{"type":{"type":"object","properties":{"type":{"type":"string"}}}}}}},"Rajasekar":{"type":"object","properties":{"type":{"type":"string"},"properties":{"type":"object","properties":{"type":{"type":"object","properties":{"type":{"type":"string"}}}}}}},"Amirtharaj":{"type":"object","properties":{"type":{"type":"string"},"properties":{"type":"object","properties":{"type":{"type":"object","properties":{"type":{"type":"string"}}}}}}}}}}}}}}}}},"Compose_-CommercialAndTechnicalScore":{"runAfter":{"Parse_JSON_-CommercialAndTechnicalScore":["Succeeded"]},"metadata":{"operationMetadataId":"90f98fb8-f9c0-487b-823c-3fc384a9a667"},"type":"Compose","inputs":"@body('Parse_JSON_-CommercialAndTechnicalScore')"},"Add_a_row_into_a_table_-CommercialAndTechnicalScore":{"runAfter":{"Compose_-CommercialAndTechnicalScore":["Succeeded"]},"metadata":{"operationMetadataId":"01e83e98-4944-40a7-bf9d-b95988ede19c","tableId":"@outputs('Create_table_2')?['body/name']"},"type":"OpenApiConnection","inputs":{"host":{"apiId":"/providers/Microsoft.PowerApps/apis/shared_excelonlinebusiness","connectionName":"shared_excelonlinebusiness","operationId":"AddRowV2"},"parameters":{"source":"sites/altrocks1.sharepoint.com,3bd8b1c6-ebff-4275-b147-e6d024563aa9,729df3af-798d-4725-8ec1-ba4b6140a34b","drive":"b!xrHYO__rdUKxR-bQJFY6qa_znXKNeSVHjsG6S2FAo0vIgACRKYtoSpHR6qGfc_VJ","file":"@outputs('Create_file_2')?['body/Id']","table":"@outputs('Create_table_2')?['body/name']","item":"@outputs('Compose_-CommercialAndTechnicalScore')"},"authentication":{"value":"@json(decodeBase64(triggerOutputs().headers['X-MS-APIM-Tokens']))['$ConnectionKey']","type":"Raw"}}}},"runAfter":{"Initialize_variable-varCommercialAndTechnicalScore":["Succeeded"]},"metadata":{"operationMetadataId":"f450d8b0-a62c-44d6-b64f-2f756830492a"},"type":"Scope"},"Initialize_variable-varTechnicalScores":{"runAfter":{"Scope-TechnicalHeader":["Succeeded"]},"metadata":{"operationMetadataId":"24fe9fe0-a99f-4455-9761-032811670cff"},"type":"InitializeVariable","inputs":{"variables":[{"name":"varTechnicalScores","type":"string"}]}},"Scope-CreateTechnicalScoresInExcel":{"actions":{"Apply_to_each_-TechnicalScores":{"foreach":"@outputs('Get_items-Technical_Proposal')?['body/value']","actions":{"Append_to_string_variable_-TechnicalScores":{"runAfter":{},"metadata":{"operationMetadataId":"c66b949c-e095-4912-a2ca-60614b58b613"},"type":"AppendToStringVariable","inputs":{"name":"varTechnicalScores","value":"{"}},"Append_to_string_variable_3":{"runAfter":{"Append_to_string_variable_-TechnicalScores":["Succeeded"]},"metadata":{"operationMetadataId":"aa35c1e1-88da-4c14-a19d-299452f31dde"},"type":"AppendToStringVariable","inputs":{"name":"varTechnicalScores","value":"\"@{outputs('Get_item_-_Contract_Info')?['body/UID']}\": \"@{items('Apply_to_each_-TechnicalScores')?['Description']}\",\n\"_\": \"@{items('Apply_to_each_-TechnicalScores')?['Weightage']}\""}},"Append_to_string_variable_6":{"runAfter":{"Apply_to_each_3":["Succeeded"]},"metadata":{"operationMetadataId":"2d906129-46c0-448d-a4ff-87ad5515b0b4"},"type":"AppendToStringVariable","inputs":{"name":"varTechnicalScores","value":"}"}},"Compose_4":{"runAfter":{"Append_to_string_variable_6":["Succeeded"]},"metadata":{"operationMetadataId":"354d2297-f069-4748-a485-afe0eb4eb512"},"type":"Compose","inputs":"@variables('varTechnicalScores')"},"Parse_JSON_2":{"runAfter":{"Compose_4":["Succeeded"]},"metadata":{"operationMetadataId":"d95e40bc-fb29-4163-9a29-3f3eb80eb02d"},"type":"ParseJson","inputs":{"content":"@variables('varTechnicalScores')","schema":{"type":"object","properties":{"type":{"type":"string"},"properties":{"type":"object","properties":{"354":{"type":"object","properties":{"type":{"type":"string"}}},"355":{"type":"object","properties":{"type":{"type":"string"}}},"356":{"type":"object","properties":{"type":{"type":"string"}}},"1013-KCSA-CMS-00376":{"type":"object","properties":{"type":{"type":"string"}}},"_":{"type":"object","properties":{"type":{"type":"string"}}},"Sakthi":{"type":"object","properties":{"type":{"type":"string"}}},"Rajasekar":{"type":"object","properties":{"type":{"type":"string"}}},"Amirtharaj":{"type":"object","properties":{"type":{"type":"string"}}}}}}}}},"Compose_3":{"runAfter":{"Parse_JSON_2":["Succeeded"]},"metadata":{"operationMetadataId":"62cadd28-55c8-4f09-b58d-5f8a3144af0d"},"type":"Compose","inputs":"@body('Parse_JSON_2')"},"Add_a_row_into_a_table_2":{"runAfter":{"Compose_3":["Succeeded"]},"metadata":{"operationMetadataId":"8a6c3d85-9c5a-41a6-b104-5bc0b342c627","tableId":"@outputs('Create_table_2')?['body/name']"},"type":"OpenApiConnection","inputs":{"host":{"apiId":"/providers/Microsoft.PowerApps/apis/shared_excelonlinebusiness","connectionName":"shared_excelonlinebusiness","operationId":"AddRowV2"},"parameters":{"source":"sites/altrocks1.sharepoint.com,3bd8b1c6-ebff-4275-b147-e6d024563aa9,729df3af-798d-4725-8ec1-ba4b6140a34b","drive":"b!xrHYO__rdUKxR-bQJFY6qa_znXKNeSVHjsG6S2FAo0vIgACRKYtoSpHR6qGfc_VJ","file":"@outputs('Create_file_2')?['body/Id']","table":"@outputs('Create_table_2')?['body/name']","item":"@outputs('Compose_3')"},"authentication":{"value":"@json(decodeBase64(triggerOutputs().headers['X-MS-APIM-Tokens']))['$ConnectionKey']","type":"Raw"}}},"Set_variable":{"runAfter":{"Add_a_row_into_a_table_2":["Succeeded"]},"metadata":{"operationMetadataId":"decce2ba-c38f-4441-a52c-b2af1b12aec1"},"type":"SetVariable","inputs":{"name":"varTechnicalScores","value":"@{null}"}},"Apply_to_each_3":{"foreach":"@outputs('Get_items_From_Supplier_Registration_Form')?['body/value']","actions":{"Get_items-TechnicalOverallScore":{"runAfter":{},"metadata":{"operationMetadataId":"bab04bac-9217-458d-b8f7-eceffadb908c"},"type":"OpenApiConnection","inputs":{"host":{"apiId":"/providers/Microsoft.PowerApps/apis/shared_sharepointonline","connectionName":"shared_sharepointonline","operationId":"GetItems"},"parameters":{"dataset":"https://altrocks1.sharepoint.com/sites/KAMOAAFC","table":"53cf8cff-37db-4fb0-ba38-89db66845b2a","$filter":"SupplierID eq '@{items('Apply_to_each_3')?['ID']}' and Description eq '@{items('Apply_to_each_-TechnicalScores')?['Description']}'"},"authentication":{"value":"@json(decodeBase64(triggerOutputs().headers['X-MS-APIM-Tokens']))['$ConnectionKey']","type":"Raw"}}},"Apply_to_each_5":{"foreach":"@outputs('Get_items-TechnicalOverallScore')?['body/value']","actions":{"Append_to_string_variable_7":{"runAfter":{},"metadata":{"operationMetadataId":"cba691f8-6e6d-425b-aab9-4c6cc66708dc"},"type":"AppendToStringVariable","inputs":{"name":"varTechnicalScores","value":",\n\"@{items('Apply_to_each_3')?['ID']}\": \"@{items('Apply_to_each_5')?['WeightedScoreParentage']}\""}},"Append_to_string_variable_8":{"runAfter":{"Append_to_string_variable_7":["Succeeded"]},"metadata":{"operationMetadataId":"f2748480-930f-403e-b190-870fc5e36cdb"},"type":"AppendToStringVariable","inputs":{"name":"varTechnicalScores","value":",\n\"@{items('Apply_to_each_3')?['Company_x002f_OrgName']}\": \"@{items('Apply_to_each_5')?['WeightedScore']}\""}}},"runAfter":{"Get_items-TechnicalOverallScore":["Succeeded"]},"metadata":{"operationMetadataId":"e28a041a-c228-4f75-aff7-99a922443d9b"},"type":"Foreach"}},"runAfter":{"Append_to_string_variable_3":["Succeeded"]},"metadata":{"operationMetadataId":"0d08d910-196c-4497-b859-7f51118d251e"},"type":"Foreach"}},"runAfter":{},"metadata":{"operationMetadataId":"e7d3968d-17e4-4114-b72f-122545ccd056"},"type":"Foreach"}},"runAfter":{"Initialize_variable-varTechnicalScores":["Succeeded"]},"metadata":{"operationMetadataId":"e7851066-09b8-45fe-82ea-c1b4373e1306"},"type":"Scope"},"Send_an_email_-CA":{"runAfter":{"Get_file_content":["Succeeded"]},"metadata":{"operationMetadataId":"2cf87313-9038-4ea7-a31d-d526bb3eb1e4"},"type":"OpenApiConnection","inputs":{"host":{"apiId":"/providers/Microsoft.PowerApps/apis/shared_office365","connectionName":"shared_office365","operationId":"SendEmailV2"},"parameters":{"emailMessage/To":"@triggerBody()['email']","emailMessage/Subject":"CMS Request for Review OverAllScore |  Contract ID - @{variables('varUID')}","emailMessage/Body":"<p>HI ,<br>\nPlease Review Overall Score <br>\nThanks!,<br>\nCMS Admin</p>","emailMessage/Attachments":[{"Name":"@{outputs('Get_file_properties')?['body/{Name}']}.xlsx","ContentBytes":"@body('Get_file_content')"}],"emailMessage/Importance":"Normal"},"authentication":{"value":"@json(decodeBase64(triggerOutputs().headers['X-MS-APIM-Tokens']))['$ConnectionKey']","type":"Raw"}}},"Get_file_content":{"runAfter":{"Get_file_properties":["Succeeded"]},"metadata":{"operationMetadataId":"fcaea49c-40fc-4076-a922-97f8f3a7c262"},"type":"OpenApiConnection","inputs":{"host":{"apiId":"/providers/Microsoft.PowerApps/apis/shared_sharepointonline","connectionName":"shared_sharepointonline","operationId":"GetFileContent"},"parameters":{"dataset":"https://altrocks1.sharepoint.com/sites/KAMOAAFC","id":"@outputs('Get_file_properties')?['body/{Identifier}']","inferContentType":true},"authentication":{"value":"@json(decodeBase64(triggerOutputs().headers['X-MS-APIM-Tokens']))['$ConnectionKey']","type":"Raw"}}},"Get_file_properties":{"runAfter":{"Terminate":["Succeeded"]},"metadata":{"operationMetadataId":"23cccf8e-fd98-4712-a7ab-44b42a0871a1"},"type":"OpenApiConnection","inputs":{"host":{"apiId":"/providers/Microsoft.PowerApps/apis/shared_sharepointonline","connectionName":"shared_sharepointonline","operationId":"GetFileItem"},"parameters":{"dataset":"https://altrocks1.sharepoint.com/sites/KAMOAAFC","table":"910080c8-8b29-4a68-91d1-eaa19f73f549","id":"@outputs('Create_file_2')?['body/ItemId']"},"authentication":{"value":"@json(decodeBase64(triggerOutputs().headers['X-MS-APIM-Tokens']))['$ConnectionKey']","type":"Raw"}}},"Initialize_variable-UID_Creation":{"runAfter":{"Get_item_-_Contract_Info":["Succeeded"]},"metadata":{"operationMetadataId":"45bc67b8-0a4a-4434-b1bf-90b27cfb62d7"},"type":"InitializeVariable","inputs":{"variables":[{"name":"varUID","type":"string","value":"@outputs('Get_item_-_Contract_Info')?['body/UID']"}]}},"Terminate":{"runAfter":{"Scope-CommercialAndTechnicalScoreAddIntoExcel":["Succeeded"]},"metadata":{"operationMetadataId":"4976f3d5-ed4f-4e5a-8440-d23d9881caa0"},"type":"Terminate","inputs":{"runStatus":"Succeeded"}},"Initialize_variable-CommercialDefaultHeader":{"runAfter":{"Scope-Total_WeightedScore__and_Weighted_percentage_For_Commercial_in_Excel":["Succeeded"]},"metadata":{"operationMetadataId":"23c05be9-18ac-4ceb-bae6-ecfbe4dc3f11"},"type":"InitializeVariable","inputs":{"variables":[{"name":"varCommercialDefault","type":"string","value":"{\n   \"@{outputs('Get_item_-_Contract_Info')?['body/UID']}\": \"EMPOWERMENT\",\n  \"_\": \" \""}]}},"Scope-CommercialDefaultHeader":{"actions":{"Apply_to_each_-CommercialDefaultHeader":{"foreach":"@outputs('Get_items_From_Supplier_Registration_Form')?['body/value']","actions":{"Append_to_string_variable_-Commercial_Default_Header":{"runAfter":{},"metadata":{"operationMetadataId":"c294c341-10f5-4f97-bbda-d08ca6751011"},"type":"AppendToStringVariable","inputs":{"name":"varCommercialDefault","value":",\n\"@{items('Apply_to_each_-CommercialDefaultHeader')?['ID']}\": \" \""}},"Append_to_string_variable_-CommercialDefalutHeader1":{"runAfter":{"Append_to_string_variable_-Commercial_Default_Header":["Succeeded"]},"metadata":{"operationMetadataId":"495a905a-1980-4c09-befc-3f67820a0630"},"type":"AppendToStringVariable","inputs":{"name":"varCommercialDefault","value":",\n\"@{items('Apply_to_each_-CommercialDefaultHeader')?['Company_x002f_OrgName']}\": \" \""}}},"runAfter":{},"metadata":{"operationMetadataId":"58ee168e-2b79-4569-9acd-08178afc1fbd"},"type":"Foreach"},"Append_to_string_variable_-CommercialDefaultHeader":{"runAfter":{"Apply_to_each_-CommercialDefaultHeader":["Succeeded"]},"metadata":{"operationMetadataId":"d276acc7-2e1a-46bb-baa8-1ca1cb50417c"},"type":"AppendToStringVariable","inputs":{"name":"varCommercialDefault","value":"}"}},"Parse_JSON_-CommercialDefaultHeader":{"runAfter":{"Append_to_string_variable_-CommercialDefaultHeader":["Succeeded"]},"metadata":{"operationMetadataId":"35a035d7-7655-43b4-96ba-5b16fe310d48"},"type":"ParseJson","inputs":{"content":"@variables('varCommercialDefault')","schema":{"type":"object","properties":{"type":{"type":"string"},"properties":{"type":"object","properties":{"type":{"type":"object","properties":{"type":{"type":"string"}}},"properties":{"type":"object","properties":{"type":{"type":"string"},"properties":{"type":"object","properties":{"354":{"type":"object","properties":{"type":{"type":"string"},"properties":{"type":"object","properties":{"type":{"type":"object","properties":{"type":{"type":"string"}}}}}}},"355":{"type":"object","properties":{"type":{"type":"string"},"properties":{"type":"object","properties":{"type":{"type":"object","properties":{"type":{"type":"string"}}}}}}},"356":{"type":"object","properties":{"type":{"type":"string"},"properties":{"type":"object","properties":{"type":{"type":"object","properties":{"type":{"type":"string"}}}}}}},"1013-KCSA-CMS-00376":{"type":"object","properties":{"type":{"type":"string"},"properties":{"type":"object","properties":{"type":{"type":"object","properties":{"type":{"type":"string"}}}}}}},"_":{"type":"object","properties":{"type":{"type":"string"},"properties":{"type":"object","properties":{"type":{"type":"object","properties":{"type":{"type":"string"}}}}}}},"Sakthi":{"type":"object","properties":{"type":{"type":"string"},"properties":{"type":"object","properties":{"type":{"type":"object","properties":{"type":{"type":"string"}}}}}}},"Rajasekar":{"type":"object","properties":{"type":{"type":"string"},"properties":{"type":"object","properties":{"type":{"type":"object","properties":{"type":{"type":"string"}}}}}}},"Amirtharaj":{"type":"object","properties":{"type":{"type":"string"},"properties":{"type":"object","properties":{"type":{"type":"object","properties":{"type":{"type":"string"}}}}}}}}}}}}}}}}},"Compose_-CommercialDefaultHeader":{"runAfter":{"Parse_JSON_-CommercialDefaultHeader":["Succeeded"]},"metadata":{"operationMetadataId":"f5a25d71-1b66-4665-879e-b5231ef7a740"},"type":"Compose","inputs":"@body('Parse_JSON_-CommercialDefaultHeader')"},"Add_a_row_into_a_table_-CommercialDefaultHeader":{"runAfter":{"Compose_-CommercialDefaultHeader":["Succeeded"]},"metadata":{"operationMetadataId":"a589e240-792f-4ab1-8f9c-356b8b0b5ab3","tableId":"@outputs('Create_table_2')?['body/name']"},"type":"OpenApiConnection","inputs":{"host":{"apiId":"/providers/Microsoft.PowerApps/apis/shared_excelonlinebusiness","connectionName":"shared_excelonlinebusiness","operationId":"AddRowV2"},"parameters":{"source":"sites/altrocks1.sharepoint.com,3bd8b1c6-ebff-4275-b147-e6d024563aa9,729df3af-798d-4725-8ec1-ba4b6140a34b","drive":"b!xrHYO__rdUKxR-bQJFY6qa_znXKNeSVHjsG6S2FAo0vIgACRKYtoSpHR6qGfc_VJ","file":"@outputs('Create_file_2')?['body/Id']","table":"@outputs('Create_table_2')?['body/name']","item":"@outputs('Compose_-CommercialDefaultHeader')"},"authentication":{"value":"@json(decodeBase64(triggerOutputs().headers['X-MS-APIM-Tokens']))['$ConnectionKey']","type":"Raw"}}}},"runAfter":{"Initialize_variable-CommercialDefaultHeader":["Succeeded"]},"metadata":{"operationMetadataId":"773d6538-22c1-4c32-993b-88eaf1b84ec5"},"type":"Scope"}}},"connectionReferences":{"shared_sharepointonline":{"connectionName":"2a33a87092974aa7bc14e5a23f07659c","source":"Invoker","id":"/providers/Microsoft.PowerApps/apis/shared_sharepointonline","tier":"NotSpecified"},"shared_sharepointonline_1":{"connectionName":"2a33a87092974aa7bc14e5a23f07659c","source":"Invoker","id":"/providers/Microsoft.PowerApps/apis/shared_sharepointonline","tier":"NotSpecified"},"shared_excelonlinebusiness":{"connectionName":"shared-excelonlinebu-44d4f93b-fb6d-4183-b393-9ab8b3c57784","source":"Invoker","id":"/providers/Microsoft.PowerApps/apis/shared_excelonlinebusiness","tier":"NotSpecified"},"shared_office365":{"connectionName":"7dc39f3be53d4673818a50a9ff1c53c9","source":"Invoker","id":"/providers/Microsoft.PowerApps/apis/shared_office365","tier":"NotSpecified"}},"flowFailureAlertSubscribed":false,"isManaged":false}}