{"name":"bc389087-d146-479c-90b5-2e02218790b0","id":"/providers/Microsoft.Flow/flows/bc389087-d146-479c-90b5-2e02218790b0","type":"Microsoft.Flow/flows","properties":{"apiId":"/providers/Microsoft.PowerApps/apis/shared_logicflows","displayName":"Contract Management System | Overall Score Excel Download | Dev","definition":{"metadata":{"workflowEntityId":null,"processAdvisorMetadata":null,"flowChargedByPaygo":null,"flowclientsuspensionreason":"None","flowclientsuspensiontime":null,"flowclientsuspensionreasondetails":null,"creator":{"id":"b94a84e3-f24d-4c15-a051-4a39ace391a2","type":"User","tenantId":"fd0f42ac-7bf0-471b-a9f0-5d5901a847f2"},"provisioningMethod":"FromDefinition","failureAlertSubscription":true,"clientLastModifiedTime":"2024-02-10T08:29:01.7023794Z","connectionKeySavedTimeKey":"2024-02-10T08:29:01.7023794Z"},"$schema":"https://schema.management.azure.com/providers/Microsoft.Logic/schemas/2016-06-01/workflowdefinition.json#","contentVersion":"1.0.0.0","parameters":{"$connections":{"defaultValue":{},"type":"Object"},"$authentication":{"defaultValue":{},"type":"SecureObject"}},"triggers":{"manual":{"metadata":{"operationMetadataId":"ce307547-7c8c-43b1-8158-d285ef4f86e7"},"type":"Request","kind":"PowerAppV2","inputs":{"schema":{"type":"object","properties":{"number":{"title":"ID","type":"number","x-ms-dynamically-added":true,"description":"Please enter a number","x-ms-content-hint":"NUMBER"}},"required":["number"]}}}},"actions":{"Get_files_(properties_only)":{"runAfter":{},"metadata":{"operationMetadataId":"1a364e53-8190-4a16-b50a-83482d342aea"},"type":"OpenApiConnection","inputs":{"host":{"apiId":"/providers/Microsoft.PowerApps/apis/shared_sharepointonline","connectionName":"shared_sharepointonline","operationId":"GetFileItems"},"parameters":{"dataset":"https://altrocks1.sharepoint.com/sites/KAMOAAFC","table":"910080c8-8b29-4a68-91d1-eaa19f73f549","$filter":"ContractID eq '@{triggerBody()['number']}'  "},"authentication":{"value":"@json(decodeBase64(triggerOutputs().headers['X-MS-APIM-Tokens']))['$ConnectionKey']","type":"Raw"}}},"Compose":{"runAfter":{"Apply_to_each_2":["Succeeded"]},"metadata":{"operationMetadataId":"9034c0f5-a474-4575-a14c-90532ece90e7"},"type":"Compose","inputs":"https://altrocks1.sharepoint.com/sites/KAMOAAFC/@{variables('varPath')}"},"Apply_to_each":{"foreach":"@outputs('Get_files_(properties_only)')?['body/value']","actions":{"Get_file_content":{"runAfter":{},"metadata":{"operationMetadataId":"0d25b88a-b863-41fc-ab40-c89d3cf84643"},"type":"OpenApiConnection","inputs":{"host":{"apiId":"/providers/Microsoft.PowerApps/apis/shared_sharepointonline","connectionName":"shared_sharepointonline","operationId":"GetFileContent"},"parameters":{"dataset":"https://altrocks1.sharepoint.com/sites/KAMOAAFC","id":"@items('Apply_to_each')?['{Identifier}']","inferContentType":true},"authentication":{"value":"@json(decodeBase64(triggerOutputs().headers['X-MS-APIM-Tokens']))['$ConnectionKey']","type":"Raw"}}}},"runAfter":{"Get_files_(properties_only)":["Succeeded"]},"metadata":{"operationMetadataId":"1f5e8937-344b-406a-95cc-fb33acba64e1"},"type":"Foreach"},"Initialize_variable":{"runAfter":{"Apply_to_each":["Succeeded"]},"metadata":{"operationMetadataId":"79be467e-5fd1-4c7c-8d4a-6f808501854d"},"type":"InitializeVariable","inputs":{"variables":[{"name":"varPath","type":"string"}]}},"Apply_to_each_2":{"foreach":"@outputs('Get_files_(properties_only)')?['body/value']","actions":{"Set_variable":{"runAfter":{},"metadata":{"operationMetadataId":"86be47ae-cf84-4dca-898a-80ef0e9d1dae"},"type":"SetVariable","inputs":{"name":"varPath","value":"@items('Apply_to_each_2')?['{FullPath}']"}}},"runAfter":{"Initialize_variable":["Succeeded"]},"metadata":{"operationMetadataId":"f39fc1a9-9484-457e-83c5-f440765d5c37"},"type":"Foreach"},"Respond_to_a_PowerApp_or_flow_":{"runAfter":{"Compose":["Succeeded"]},"metadata":{"operationMetadataId":"76be4ff4-4236-458b-9d5b-4d4dfe884ce5"},"type":"Response","kind":"PowerApp","inputs":{"statusCode":200,"body":{"filedownloads":"@{outputs('Compose')}"},"schema":{"type":"object","properties":{"filedownloads":{"title":"FileDownloads","x-ms-dynamically-added":true,"type":"string"}}}}}}},"connectionReferences":{"shared_sharepointonline":{"connectionName":"2a33a87092974aa7bc14e5a23f07659c","source":"Invoker","id":"/providers/Microsoft.PowerApps/apis/shared_sharepointonline","tier":"NotSpecified"}},"flowFailureAlertSubscribed":false,"isManaged":false}}